RM Name,Zone,Target,Achieved,% Achievement,Activation %,Product Mix %,Persistency %,Digital %,BPI Score,Multiplier,Quality Factor,Final Incentive (Tapered),Gap to Next Achievement Slab,AI Insight
RM_001,North,600000,491999,82,64,60,75,77,74,0.6,0.75,2657,108001,Strong Performance
RM_002,South,750000,735000,98,59,46,77,75,79,0.6,0.75,3969,15000,Activate More Branches
RM_003,East,750000,450000,60,59,48,67,60,59,0.3,1,1620,150000,Increase Premium Achievement
RM_004,West,900000,774000,86,63,53,74,68,74,0.6,0.9,5016,126000,Strong Performance
RM_005,East,900000,630000,70,39,39,63,65,58,0.3,0.9,2041,90000,Increase Premium Achievement
RM_006,West,600000,360000,60,49,41,64,53,55,0.3,1,1296,120000,Increase Premium Achievement
RM_007,East,900000,747000,83,57,55,79,72,73,0.6,1,5378,153000,Activate More Branches
RM_008,West,600000,576000,96,58,46,85,77,79,0.6,1,4147,24000,Activate More Branches
RM_009,North,750000,562500,75,49,43,63,52,63,0.6,1,4050,37500,Increase Premium Achievement
RM_010,South,600000,576000,96,59,61,80,74,81,1,0.75,5184,24000,Activate More Branches
RM_011,West,600000,738000,123,90,80,95,91,106,1.5,0.9,11956,102000,Strong Performance
RM_012,East,900000,1107000,123,74,86,87,94,103,1.5,0.75,14944,153000,Strong Performance
RM_013,East,900000,549000,61,41,36,69,47,53,0.3,0.9,1779,171000,Increase Premium Achievement
RM_014,West,900000,738000,82,58,53,72,69,71,0.6,0.9,4782,162000,Activate More Branches
RM_015,North,750000,960000,128,80,66,86,96,103,1.5,0.75,12960,90000,Strong Performance
RM_016,South,900000,521999,58,35,34,70,66,51,0.3,0.9,1691,198001,Increase Premium Achievement
RM_017,South,750000,630000,84,64,46,75,79,73,0.6,0.9,4082,120000,Improve Product Mix
RM_018,North,750000,735000,98,75,56,84,77,85,1,0.75,6615,15000,Strong Performance
RM_019,West,600000,558000,93,58,54,71,73,77,0.6,1,4018,42000,Activate More Branches
RM_020,West,750000,652500,87,73,51,84,73,78,0.6,1,4698,97500,Strong Performance
RM_021,North,600000,827999,138,71,89,83,81,109,1.5,0.75,11178,12001,Strong Performance
RM_022,North,600000,594000,99,59,45,72,68,79,0.6,0.75,3208,6000,Activate More Branches
RM_023,North,900000,891000,99,64,50,76,77,81,1,0.75,8019,9000,Strong Performance
RM_024,West,600000,594000,99,57,46,75,79,79,0.6,0.9,3849,6000,Activate More Branches
RM_025,North,900000,468000,52,50,46,60,61,52,0.3,0.9,1516,252000,Increase Premium Achievement
RM_026,North,900000,1251000,139,79,73,86,89,109,1.5,0.9,20266,9000,Strong Performance
RM_027,South,750000,720000,96,57,64,80,82,81,1,0.75,6480,30000,Activate More Branches
RM_028,West,750000,630000,84,65,58,79,83,76,0.6,0.9,4082,120000,Strong Performance
RM_029,West,750000,727500,97,67,51,74,84,81,1,0.9,7857,22500,Strong Performance
RM_030,South,600000,570000,95,66,58,75,75,81,1,0.9,6156,30000,Strong Performance
RM_031,North,750000,390000,52,55,34,73,61,52,0.3,0.9,1264,210000,Increase Premium Achievement
RM_032,West,900000,891000,99,57,59,77,80,81,1,0.75,8019,9000,Activate More Branches
RM_033,East,900000,846000,94,64,45,74,73,78,0.6,1,6091,54000,Improve Product Mix
RM_034,East,900000,585000,65,47,38,64,62,57,0.3,0.9,1895,135000,Increase Premium Achievement
RM_035,South,900000,801000,89,61,50,81,71,76,0.6,0.75,4325,99000,Strong Performance
RM_036,North,600000,312000,52,47,43,75,56,52,0.3,0.9,1011,168000,Increase Premium Achievement
RM_037,North,600000,696000,116,79,69,91,82,97,1,1,8352,24000,Strong Performance
RM_038,East,900000,495000,55,59,41,70,43,55,0.3,1,1782,225000,Increase Premium Achievement
RM_039,North,750000,675000,90,62,64,74,82,79,0.6,1,4860,75000,Strong Performance
RM_040,North,750000,675000,90,67,59,72,81,79,0.6,0.9,4374,75000,Strong Performance
RM_041,West,600000,491999,82,70,57,82,70,75,0.6,0.75,2657,108001,Strong Performance
RM_042,North,750000,735000,98,61,57,76,76,81,1,1,8820,15000,Strong Performance
RM_043,North,600000,558000,93,60,47,74,76,77,0.6,1,4018,42000,Improve Product Mix
RM_044,West,750000,667500,89,67,51,73,79,77,0.6,0.75,3604,82500,Strong Performance
RM_045,West,600000,564000,94,73,61,79,78,83,1,1,6768,36000,Strong Performance
RM_046,East,600000,384000,64,51,48,72,42,59,0.3,1,1382,96000,Increase Premium Achievement
RM_047,West,900000,630000,70,49,32,57,61,58,0.3,0.75,1701,90000,Increase Premium Achievement
RM_048,East,750000,675000,90,65,47,71,74,76,0.6,0.9,4374,75000,Improve Product Mix
RM_049,East,600000,491999,82,74,62,79,84,77,0.6,0.75,2657,108001,Strong Performance
RM_050,West,900000,729000,81,70,54,80,83,75,0.6,1,5249,171000,Strong Performance
RM_051,South,900000,657000,73,59,37,63,50,63,0.6,1,4730,63000,Increase Premium Achievement
RM_052,West,750000,442500,59,47,42,63,63,55,0.3,1,1593,157500,Increase Premium Achievement
RM_053,West,600000,696000,116,78,89,86,89,100,1.5,1,12528,24000,Strong Performance
RM_054,South,750000,607500,81,65,57,77,74,73,0.6,1,4374,142500,Strong Performance
RM_055,South,750000,480000,64,58,36,69,44,58,0.3,0.75,1296,120000,Increase Premium Achievement
RM_056,West,900000,747000,83,66,56,71,85,74,0.6,1,5378,153000,Strong Performance
RM_057,West,600000,558000,93,58,64,74,79,79,0.6,0.9,3616,42000,Activate More Branches
RM_058,North,750000,397500,53,49,35,73,55,52,0.3,1,1431,202500,Increase Premium Achievement
RM_059,East,750000,532500,71,56,33,71,48,61,0.6,1,3834,67500,Increase Premium Achievement
RM_060,West,900000,774000,86,67,65,77,68,77,0.6,0.75,4180,126000,Strong Performance
RM_061,South,750000,652500,87,70,53,84,82,78,0.6,0.75,3524,97500,Strong Performance
RM_062,West,900000,792000,88,72,53,75,74,78,0.6,0.9,5132,108000,Strong Performance
RM_063,East,900000,648000,72,51,29,74,44,60,0.6,0.75,3499,72000,Increase Premium Achievement
RM_064,South,600000,582000,97,64,56,77,79,81,1,0.9,6286,18000,Strong Performance
RM_065,West,600000,366000,61,59,33,69,59,57,0.3,0.9,1186,114000,Increase Premium Achievement
RM_066,East,750000,495000,66,57,37,66,59,59,0.3,1,1782,105000,Increase Premium Achievement
RM_067,South,600000,570000,95,64,47,80,82,79,0.6,0.9,3694,30000,Improve Product Mix
RM_068,South,900000,774000,86,56,51,71,72,73,0.6,0.9,5016,126000,Activate More Branches
RM_069,South,600000,546000,91,66,61,73,67,78,0.6,0.9,3538,54000,Strong Performance
RM_070,West,750000,1095000,146,74,74,84,85,112,1.5,1,19710,30000,Strong Performance
RM_071,West,750000,510000,68,39,36,62,58,56,0.3,0.75,1377,90000,Increase Premium Achievement
RM_072,West,900000,1016999,113,91,66,86,89,98,1,1,12204,63001,Strong Performance
RM_073,East,900000,783000,87,61,59,70,82,76,0.6,0.9,5074,117000,Strong Performance
RM_074,East,600000,546000,91,69,60,71,77,79,0.6,0.9,3538,54000,Strong Performance
RM_075,South,600000,786000,131,79,79,89,92,107,1.5,0.75,10611,54000,Strong Performance
RM_076,South,900000,954000,106,86,61,92,81,93,1,0.9,10303,126000,Strong Performance
RM_077,East,600000,588000,98,62,53,73,81,81,1,0.9,6350,12000,Strong Performance
RM_078,North,600000,510000,85,71,55,82,80,77,0.6,0.9,3305,90000,Strong Performance
RM_079,East,750000,742500,99,58,64,83,79,83,1,0.9,8019,7500,Activate More Branches
RM_080,East,600000,432000,72,35,38,64,60,58,0.3,0.75,1166,48000,Increase Premium Achievement
RM_081,East,900000,521999,58,51,34,68,54,54,0.3,0.75,1409,198001,Increase Premium Achievement
RM_082,North,900000,477000,53,37,46,73,49,51,0.3,0.9,1545,243000,Increase Premium Achievement
RM_083,South,600000,618000,103,71,90,82,84,92,1,0.75,5562,102000,Strong Performance
RM_084,South,750000,667500,89,68,60,84,73,79,0.6,0.75,3604,82500,Strong Performance
RM_085,East,750000,697500,93,72,57,84,71,81,1,0.75,6278,52500,Strong Performance
RM_086,East,600000,738000,123,94,86,81,92,106,1.5,0.75,9963,102000,Strong Performance
RM_087,South,600000,528000,88,59,47,83,74,75,0.6,0.75,2851,72000,Activate More Branches
RM_088,South,900000,603000,67,59,26,62,70,59,0.3,0.75,1628,117000,Increase Premium Achievement
RM_089,North,600000,852000,142,84,78,92,84,113,1.5,1,15336,48000,Strong Performance
RM_090,North,750000,555000,74,39,28,60,45,57,0.3,0.75,1498,45000,Increase Premium Achievement
RM_091,South,600000,276000,46,55,31,61,45,47,0.3,1,994,204000,Increase Premium Achievement
RM_092,North,900000,792000,88,57,46,77,72,74,0.6,0.75,4277,108000,Activate More Branches
RM_093,East,750000,675000,90,74,46,82,82,79,0.6,0.75,3645,75000,Improve Product Mix
RM_094,West,750000,697500,93,56,65,83,74,79,0.6,1,5022,52500,Activate More Branches
RM_095,East,900000,882000,98,56,47,79,66,78,0.6,0.9,5715,18000,Activate More Branches
RM_096,North,750000,592500,79,48,36,67,43,63,0.6,0.75,3200,7500,Increase Premium Achievement
RM_097,West,900000,603000,67,54,43,59,54,59,0.3,1,2171,117000,Increase Premium Achievement
RM_098,East,750000,1065000,142,80,82,85,86,112,1.5,0.9,17253,60000,Strong Performance
RM_099,East,600000,564000,94,64,47,71,74,78,0.6,0.75,3046,36000,Improve Product Mix
RM_100,West,600000,546000,91,67,56,75,67,78,0.6,0.9,3538,54000,Strong Performance
RM_101,West,900000,729000,81,61,51,72,75,71,0.6,1,5249,171000,Strong Performance
RM_102,West,600000,582000,97,62,56,72,71,80,1,1,6984,18000,Strong Performance
RM_103,East,900000,891000,99,71,57,80,66,84,1,0.75,8019,9000,Strong Performance
RM_104,West,600000,504000,84,69,51,75,65,74,0.6,1,3629,96000,Strong Performance
RM_105,West,600000,300000,50,51,26,70,46,48,0.3,0.9,972,180000,Increase Premium Achievement
RM_106,South,750000,622500,83,61,51,84,77,74,0.6,1,4482,127500,Strong Performance
RM_107,West,600000,570000,95,56,47,77,73,77,0.6,0.75,3078,30000,Activate More Branches
RM_108,West,750000,637500,85,70,47,76,71,75,0.6,0.75,3442,112500,Improve Product Mix
RM_109,South,900000,837000,93,56,53,79,65,77,0.6,0.9,5424,63000,Activate More Branches
RM_110,West,600000,570000,95,61,47,77,74,78,0.6,1,4104,30000,Improve Product Mix
RM_111,North,900000,621000,69,48,46,71,42,60,0.6,0.75,3353,99000,Increase Premium Achievement
RM_112,West,750000,600000,80,73,62,79,76,76,0.6,0.75,3240,150000,Strong Performance
RM_113,East,750000,367500,49,36,33,71,59,47,0.3,0.75,992,232500,Increase Premium Achievement
RM_114,East,600000,360000,60,38,36,63,42,51,0.3,0.9,1166,120000,Increase Premium Achievement
RM_115,East,600000,522000,87,58,55,72,75,74,0.6,0.9,3383,78000,Activate More Branches
RM_116,South,900000,1332000,148,86,64,82,85,113,1.5,1,23976,18000,Strong Performance
RM_117,West,900000,945000,105,94,79,87,90,96,1,0.75,8505,135000,Strong Performance
RM_118,East,900000,882000,98,66,58,79,82,83,1,0.75,7938,18000,Strong Performance
RM_119,North,600000,360000,60,47,41,71,58,56,0.3,0.9,1166,120000,Increase Premium Achievement
RM_120,West,750000,667500,89,56,52,74,78,75,0.6,1,4806,82500,Activate More Branches
RM_121,South,750000,487500,65,59,43,56,67,60,0.6,0.75,2632,112500,Increase Premium Achievement
RM_122,North,750000,690000,92,65,64,77,81,80,1,0.9,7452,60000,Strong Performance
RM_123,South,900000,1197000,133,71,81,95,89,107,1.5,0.75,16160,63000,Strong Performance
RM_124,East,750000,652500,87,61,53,75,77,75,0.6,0.75,3524,97500,Strong Performance
RM_125,South,600000,522000,87,66,53,74,82,76,0.6,0.75,2819,78000,Strong Performance
RM_126,West,750000,787500,105,87,88,85,92,96,1,0.75,7088,112500,Strong Performance
RM_127,North,600000,552000,92,74,51,76,81,80,1,1,6624,48000,Strong Performance
RM_128,West,900000,837000,93,65,45,75,84,78,0.6,0.9,5424,63000,Improve Product Mix
RM_129,North,600000,318000,53,38,27,72,43,48,0.3,0.75,859,162000,Increase Premium Achievement
RM_130,South,900000,783000,87,70,48,76,68,76,0.6,0.75,4228,117000,Improve Product Mix
RM_131,West,900000,801000,89,63,59,74,74,77,0.6,0.9,5190,99000,Strong Performance
RM_132,West,600000,378000,63,43,45,64,65,56,0.3,0.9,1225,102000,Increase Premium Achievement
RM_133,South,750000,532500,71,54,38,63,45,61,0.6,1,3834,67500,Increase Premium Achievement
RM_134,North,750000,780000,104,82,71,94,93,93,1,0.75,7020,120000,Strong Performance
RM_135,South,750000,615000,82,58,54,78,82,73,0.6,1,4428,135000,Activate More Branches
RM_136,North,750000,562500,75,58,35,63,51,63,0.6,0.9,3645,37500,Increase Premium Achievement
RM_137,South,750000,630000,84,61,47,81,72,73,0.6,1,4536,120000,Improve Product Mix
RM_138,North,600000,516000,86,72,59,72,79,77,0.6,0.9,3344,84000,Strong Performance
RM_139,North,600000,480000,80,59,48,84,77,71,0.6,0.9,3110,120000,Activate More Branches
RM_140,North,750000,847499,113,73,67,90,91,95,1,1,10170,52501,Strong Performance
RM_141,North,750000,487500,65,35,38,60,44,53,0.3,0.9,1580,112500,Increase Premium Achievement
RM_142,North,900000,1062000,118,84,66,90,89,99,1,0.9,11470,18000,Strong Performance
RM_143,West,900000,567000,63,55,38,55,66,57,0.3,1,2041,153000,Increase Premium Achievement
RM_144,North,750000,637500,85,55,61,75,80,74,0.6,0.75,3442,112500,Activate More Branches
RM_145,West,900000,630000,70,43,26,66,64,57,0.3,1,2268,90000,Increase Premium Achievement
RM_146,East,900000,549000,61,40,28,69,68,53,0.3,1,1976,171000,Increase Premium Achievement
RM_147,West,600000,618000,103,75,61,94,89,90,1,0.75,5562,102000,Strong Performance
RM_148,East,750000,607500,81,68,51,83,66,73,0.6,0.75,3280,142500,Strong Performance
RM_149,East,750000,615000,82,62,63,81,83,75,0.6,0.9,3985,135000,Strong Performance
RM_150,West,600000,750000,125,82,88,88,94,106,1.5,0.75,10125,90000,Strong Performance
RM_151,East,600000,534000,89,75,49,74,67,78,0.6,0.9,3460,66000,Improve Product Mix
RM_152,East,750000,450000,60,53,29,64,53,54,0.3,0.75,1215,150000,Increase Premium Achievement
RM_153,West,900000,1350000,150,77,89,94,81,117,1.5,0.75,18225,0,Strong Performance
RM_154,West,750000,675000,90,70,48,70,82,77,0.6,0.75,3645,75000,Improve Product Mix
RM_155,South,600000,498000,83,60,58,75,84,74,0.6,1,3586,102000,Strong Performance
RM_156,West,900000,1107000,123,79,73,81,82,100,1.5,0.9,17933,153000,Strong Performance
RM_157,North,750000,697500,93,60,47,81,75,77,0.6,0.9,4520,52500,Improve Product Mix
RM_158,South,750000,532500,71,53,30,67,61,60,0.6,0.9,3451,67500,Increase Premium Achievement
RM_159,East,600000,648000,108,72,65,91,98,92,1,0.75,5832,72000,Strong Performance
RM_160,South,900000,512999,57,37,39,73,66,52,0.3,0.75,1385,207001,Increase Premium Achievement
RM_161,East,750000,465000,62,38,30,58,64,52,0.3,1,1674,135000,Increase Premium Achievement
RM_162,East,900000,819000,91,64,65,72,83,79,0.6,1,5897,81000,Strong Performance
RM_163,South,750000,750000,100,69,56,82,81,84,1,1,9000,150000,Strong Performance
RM_164,South,750000,697500,93,64,59,75,83,80,1,0.75,6278,52500,Strong Performance
RM_165,South,600000,534000,89,73,46,72,68,77,0.6,1,3845,66000,Improve Product Mix
RM_166,East,750000,742500,99,60,64,78,71,82,1,1,8910,7500,Strong Performance
RM_167,South,600000,402000,67,49,28,61,56,56,0.3,0.75,1085,78000,Increase Premium Achievement
RM_168,North,900000,891000,99,58,58,81,77,82,1,0.75,8019,9000,Activate More Branches
RM_169,West,600000,491999,82,74,60,74,69,76,0.6,0.75,2657,108001,Strong Performance
RM_170,South,900000,837000,93,65,58,74,84,80,1,0.9,9040,63000,Strong Performance
RM_171,South,900000,792000,88,64,59,72,73,77,0.6,0.9,5132,108000,Strong Performance
RM_172,South,750000,690000,92,61,59,81,82,79,0.6,0.9,4471,60000,Strong Performance
RM_173,North,750000,945000,126,73,67,82,88,100,1.5,1,17010,105000,Strong Performance
RM_174,East,600000,330000,55,45,40,60,66,52,0.3,1,1188,150000,Increase Premium Achievement
RM_175,West,900000,630000,70,40,29,75,54,58,0.3,0.9,2041,90000,Increase Premium Achievement
RM_176,North,600000,288000,48,45,36,60,58,47,0.3,1,1037,192000,Increase Premium Achievement
RM_177,West,750000,675000,90,73,58,77,76,80,1,1,8100,75000,Strong Performance
RM_178,South,600000,450000,75,53,44,62,52,64,0.6,0.75,2430,30000,Increase Premium Achievement
RM_179,North,750000,682500,91,56,55,81,71,77,0.6,0.75,3686,67500,Activate More Branches
RM_180,South,600000,894000,149,80,84,85,97,116,1.5,1,16092,6000,Strong Performance
RM_181,West,900000,810000,90,65,46,72,72,76,0.6,0.9,5249,90000,Improve Product Mix
RM_182,East,600000,552000,92,65,52,79,68,78,0.6,0.75,2981,48000,Strong Performance
RM_183,East,900000,783000,87,72,56,81,71,78,0.6,1,5638,117000,Strong Performance
RM_184,North,750000,1005000,134,94,78,92,93,111,1.5,0.75,13568,45000,Strong Performance
RM_185,North,900000,1116000,124,94,83,92,90,107,1.5,0.75,15066,144000,Strong Performance
RM_186,South,900000,549000,61,48,43,70,51,56,0.3,0.75,1482,171000,Increase Premium Achievement
RM_187,South,600000,384000,64,53,30,64,53,56,0.3,0.9,1244,96000,Increase Premium Achievement
RM_188,South,750000,945000,126,85,74,93,93,105,1.5,0.75,12758,105000,Strong Performance
RM_189,West,900000,468000,52,43,42,66,49,50,0.3,1,1685,252000,Increase Premium Achievement
RM_190,East,900000,783000,87,62,60,81,78,77,0.6,0.75,4228,117000,Strong Performance
RM_191,East,900000,810000,90,74,51,74,84,79,0.6,0.9,5249,90000,Strong Performance
RM_192,East,900000,756000,84,69,51,75,84,75,0.6,0.75,4082,144000,Strong Performance
RM_193,East,750000,615000,82,69,53,85,81,75,0.6,1,4428,135000,Strong Performance
RM_194,South,600000,690000,115,88,70,87,85,99,1,0.9,7452,30000,Strong Performance
RM_195,South,600000,438000,73,42,39,60,43,59,0.3,0.75,1183,42000,Increase Premium Achievement
RM_196,West,600000,486000,81,73,50,73,67,73,0.6,0.9,3149,114000,Strong Performance
RM_197,West,600000,408000,68,38,49,75,45,59,0.3,0.75,1102,72000,Increase Premium Achievement
RM_198,South,750000,502500,67,54,32,61,42,57,0.3,1,1809,97500,Increase Premium Achievement
RM_199,North,900000,855000,95,72,46,84,73,81,1,1,10260,45000,Improve Product Mix
RM_200,North,750000,1050000,140,75,82,93,85,111,1.5,1,18900,75000,Strong Performance
RM_201,West,750000,682500,91,57,65,74,85,78,0.6,0.75,3686,67500,Activate More Branches
RM_202,East,600000,582000,97,64,49,72,68,79,0.6,0.9,3771,18000,Improve Product Mix
RM_203,West,900000,756000,84,70,61,79,80,77,0.6,1,5443,144000,Strong Performance
RM_204,South,750000,945000,126,72,80,83,83,102,1.5,0.9,15309,105000,Strong Performance
RM_205,North,600000,510000,85,60,60,84,71,75,0.6,0.75,2754,90000,Strong Performance
RM_206,East,750000,997500,133,87,62,82,86,106,1.5,0.9,16160,52500,Strong Performance
RM_207,West,900000,441000,49,58,32,67,47,50,0.3,1,1588,279000,Increase Premium Achievement
RM_208,South,600000,360000,60,60,34,69,67,57,0.3,0.75,972,120000,Increase Premium Achievement
RM_209,North,600000,564000,94,67,61,78,76,81,1,0.9,6091,36000,Strong Performance
RM_210,East,900000,441000,49,56,48,59,56,52,0.3,1,1588,279000,Increase Premium Achievement
RM_211,North,900000,801000,89,69,59,77,83,79,0.6,0.9,5190,99000,Strong Performance
RM_212,North,750000,622500,83,63,56,78,78,74,0.6,0.9,4034,127500,Strong Performance
RM_213,North,750000,847499,113,70,67,81,88,93,1,0.75,7627,52501,Strong Performance
RM_214,South,900000,900000,100,74,46,84,66,83,1,0.9,9720,180000,Improve Product Mix
RM_215,West,600000,833999,139,94,79,86,98,114,1.5,0.9,13511,6001,Strong Performance
RM_216,North,750000,660000,88,69,58,78,78,78,0.6,0.9,4277,90000,Strong Performance
RM_217,East,600000,600000,100,63,48,85,82,82,1,1,7200,120000,Improve Product Mix
RM_218,South,750000,1005000,134,84,76,92,84,109,1.5,0.9,16281,45000,Strong Performance
RM_219,North,750000,825000,110,92,83,80,92,98,1,0.75,7425,75000,Strong Performance
RM_220,South,600000,312000,52,38,26,67,61,47,0.3,1,1123,168000,Increase Premium Achievement
RM_221,East,900000,729000,81,64,56,81,81,74,0.6,1,5249,171000,Strong Performance
RM_222,South,600000,846000,141,88,70,89,92,112,1.5,0.9,13705,54000,Strong Performance
RM_223,South,750000,562500,75,60,38,63,48,64,0.6,0.75,3038,37500,Increase Premium Achievement
RM_224,East,900000,846000,94,66,46,75,78,79,0.6,0.9,5482,54000,Improve Product Mix
RM_225,East,900000,531000,59,39,34,70,54,52,0.3,1,1912,189000,Increase Premium Achievement
RM_226,South,900000,972000,108,82,62,86,87,93,1,0.75,8748,108000,Strong Performance
RM_227,South,750000,397500,53,40,41,73,65,51,0.3,1,1431,202500,Increase Premium Achievement
RM_228,South,600000,510000,85,68,57,83,69,76,0.6,0.75,2754,90000,Strong Performance
RM_229,North,750000,630000,84,73,51,84,69,76,0.6,1,4536,120000,Strong Performance
RM_230,East,900000,1350000,150,82,67,89,84,115,1.5,1,24300,0,Strong Performance
RM_231,West,750000,900000,120,83,71,84,89,100,1.5,0.9,14580,150000,Strong Performance
RM_232,West,600000,840000,140,88,83,85,84,113,1.5,0.9,13608,60000,Strong Performance
RM_233,West,600000,546000,91,59,48,74,84,76,0.6,0.75,2948,54000,Activate More Branches
RM_234,East,750000,810000,108,78,71,93,89,94,1,0.75,7290,90000,Strong Performance
RM_235,East,750000,532500,71,47,43,70,54,61,0.6,0.75,2876,67500,Increase Premium Achievement
RM_236,North,600000,498000,83,66,49,83,85,75,0.6,1,3586,102000,Improve Product Mix
RM_237,North,600000,462000,77,52,44,63,65,65,0.6,1,3326,18000,Increase Premium Achievement
RM_238,West,900000,972000,108,75,74,81,91,93,1,0.75,8748,108000,Strong Performance
RM_239,East,900000,810000,90,55,56,70,76,75,0.6,0.9,5249,90000,Activate More Branches
RM_240,South,600000,540000,90,69,54,84,69,79,0.6,1,3888,60000,Strong Performance
RM_241,West,600000,660000,110,83,84,84,87,97,1,0.9,7128,60000,Strong Performance
RM_242,North,750000,480000,64,60,31,69,65,59,0.3,0.75,1296,120000,Increase Premium Achievement
RM_243,West,600000,354000,59,44,37,68,61,54,0.3,1,1274,126000,Increase Premium Achievement
RM_244,South,750000,697500,93,62,65,85,83,81,1,1,8370,52500,Strong Performance
RM_245,East,600000,588000,98,69,56,74,83,83,1,0.75,5292,12000,Strong Performance
RM_246,South,900000,819000,91,56,64,75,84,78,0.6,0.75,4423,81000,Activate More Branches
RM_247,East,900000,657000,73,58,32,66,57,62,0.6,0.9,4257,63000,Increase Premium Achievement
RM_248,North,750000,1034999,138,73,90,91,89,111,1.5,0.9,16767,15001,Strong Performance
RM_249,East,600000,360000,60,56,34,70,69,57,0.3,0.9,1166,120000,Increase Premium Achievement
RM_250,West,600000,402000,67,55,36,60,57,59,0.3,0.9,1302,78000,Increase Premium Achievement
RM_251,North,600000,564000,94,68,47,79,81,80,1,0.75,5076,36000,Improve Product Mix
RM_252,North,600000,683999,114,79,84,82,87,98,1,0.9,7387,36001,Strong Performance
RM_253,West,600000,606000,101,78,71,84,82,89,1,1,7272,114000,Strong Performance
RM_254,East,750000,960000,128,83,63,81,90,103,1.5,0.75,12960,90000,Strong Performance
RM_255,South,750000,765000,102,80,83,91,90,93,1,1,9180,135000,Strong Performance
RM_256,East,900000,521999,58,38,33,65,42,50,0.3,0.9,1691,198001,Increase Premium Achievement
RM_257,South,750000,645000,86,71,52,84,79,77,0.6,0.9,4180,105000,Strong Performance
RM_258,West,750000,795000,106,78,88,85,91,95,1,0.9,8586,105000,Strong Performance
RM_259,South,750000,450000,60,56,41,67,49,56,0.3,0.75,1215,150000,Increase Premium Achievement
RM_260,South,750000,645000,86,74,64,74,79,79,0.6,0.9,4180,105000,Strong Performance
RM_261,South,750000,660000,88,71,53,72,76,77,0.6,0.75,3564,90000,Strong Performance
RM_262,North,900000,855000,95,56,60,84,69,80,1,0.9,9234,45000,Activate More Branches
RM_263,West,750000,510000,68,38,33,60,45,55,0.3,0.9,1652,90000,Increase Premium Achievement
RM_264,West,600000,534000,89,67,57,78,83,78,0.6,0.75,2884,66000,Strong Performance
RM_265,North,900000,414000,46,59,43,71,58,51,0.3,1,1490,306000,Increase Premium Achievement
RM_266,West,600000,798000,133,79,79,81,98,107,1.5,0.75,10773,42000,Strong Performance
RM_267,South,750000,1110000,148,81,60,84,89,112,1.5,0.75,14985,15000,Strong Performance
RM_268,West,750000,652500,87,64,59,80,68,77,0.6,1,4698,97500,Strong Performance
RM_269,East,600000,516000,86,73,47,82,80,77,0.6,0.9,3344,84000,Improve Product Mix
RM_270,West,750000,450000,60,40,37,65,53,53,0.3,0.75,1215,150000,Increase Premium Achievement
RM_271,South,750000,607500,81,56,59,70,72,71,0.6,1,4374,142500,Activate More Branches
RM_272,West,900000,765000,85,58,48,78,84,73,0.6,1,5508,135000,Activate More Branches
RM_273,West,900000,459000,51,51,36,56,58,50,0.3,1,1652,261000,Increase Premium Achievement
RM_274,North,900000,801000,89,55,49,74,79,74,0.6,1,5767,99000,Activate More Branches
RM_275,East,900000,459000,51,43,36,60,66,49,0.3,0.75,1239,261000,Increase Premium Achievement
RM_276,East,900000,792000,88,63,47,75,74,75,0.6,1,5702,108000,Improve Product Mix
RM_277,South,900000,828000,92,68,51,74,67,78,0.6,0.9,5365,72000,Strong Performance
RM_278,South,900000,792000,88,67,56,76,75,77,0.6,0.75,4277,108000,Strong Performance
RM_279,North,900000,747000,83,61,49,83,77,73,0.6,0.9,4841,153000,Improve Product Mix
RM_280,West,750000,622500,83,71,64,78,75,77,0.6,0.75,3362,127500,Strong Performance
RM_281,East,750000,705000,94,64,48,78,81,79,0.6,1,5076,45000,Improve Product Mix
RM_282,North,600000,324000,54,48,29,64,62,50,0.3,0.9,1050,156000,Increase Premium Achievement
RM_283,West,900000,738000,82,71,61,76,81,76,0.6,1,5314,162000,Strong Performance
RM_284,West,900000,756000,84,64,60,80,70,75,0.6,1,5443,144000,Strong Performance
RM_285,South,750000,652500,87,71,54,85,81,78,0.6,1,4698,97500,Strong Performance
RM_286,South,900000,828000,92,62,59,79,68,79,0.6,1,5962,72000,Strong Performance
RM_287,East,600000,576000,96,66,56,79,68,81,1,0.75,5184,24000,Strong Performance
RM_288,West,750000,480000,64,59,38,73,64,60,0.6,1,3456,120000,Increase Premium Achievement
RM_289,East,600000,600000,100,72,48,83,70,83,1,0.75,5400,120000,Improve Product Mix
RM_290,West,600000,570000,95,69,55,79,70,81,1,0.9,6156,30000,Strong Performance
RM_291,East,750000,360000,48,55,44,63,62,51,0.3,0.75,972,240000,Increase Premium Achievement
RM_292,West,750000,577500,77,43,25,70,62,61,0.6,0.75,3118,22500,Increase Premium Achievement
RM_293,South,900000,837000,93,62,46,78,69,77,0.6,0.9,5424,63000,Improve Product Mix
RM_294,East,750000,854999,114,91,70,89,90,99,1,0.9,9234,45001,Strong Performance
RM_295,West,900000,855000,95,56,58,83,65,79,0.6,1,6156,45000,Activate More Branches
RM_296,East,750000,337500,45,59,30,69,44,48,0.3,0.75,911,262500,Increase Premium Achievement
RM_297,South,600000,864000,144,92,63,85,81,112,1.5,0.75,11664,36000,Strong Performance
RM_298,North,600000,528000,88,61,59,74,78,76,0.6,0.75,2851,72000,Strong Performance
RM_299,East,600000,312000,52,37,40,65,53,49,0.3,1,1123,168000,Increase Premium Achievement
RM_300,North,600000,474000,79,46,28,56,51,61,0.6,0.75,2560,6000,Increase Premium Achievement
RM_301,South,600000,336000,56,57,28,70,63,54,0.3,1,1210,144000,Increase Premium Achievement
RM_302,South,600000,546000,91,55,58,77,79,77,0.6,0.75,2948,54000,Activate More Branches
RM_303,West,750000,690000,92,64,49,83,68,78,0.6,1,4968,60000,Improve Product Mix
RM_304,East,750000,742500,99,61,48,74,67,80,1,0.75,6682,7500,Improve Product Mix
RM_305,West,900000,414000,46,56,47,59,58,50,0.3,1,1490,306000,Increase Premium Achievement
RM_306,West,750000,697500,93,71,61,74,73,81,1,1,8370,52500,Strong Performance
RM_307,West,900000,828000,92,66,65,85,84,82,1,1,9936,72000,Strong Performance
RM_308,North,900000,792000,88,66,48,77,85,76,0.6,1,5702,108000,Improve Product Mix
RM_309,East,900000,423000,47,42,26,56,64,45,0.3,0.75,1142,297000,Increase Premium Achievement
RM_310,South,900000,846000,94,70,53,76,78,80,1,0.75,7614,54000,Strong Performance
RM_311,West,750000,615000,82,57,63,85,68,74,0.6,0.9,3985,135000,Activate More Branches
RM_312,South,900000,603000,67,56,42,56,61,60,0.6,0.75,3256,117000,Increase Premium Achievement
RM_313,South,600000,510000,85,73,47,79,66,75,0.6,0.75,2754,90000,Improve Product Mix
RM_314,East,600000,480000,80,58,45,77,72,70,0.6,0.75,2592,120000,Activate More Branches
RM_315,East,600000,714000,119,89,86,91,82,103,1.5,1,12852,6000,Strong Performance
RM_316,East,750000,637500,85,56,59,79,67,74,0.6,0.9,4131,112500,Activate More Branches
RM_317,North,600000,540000,90,66,52,74,67,77,0.6,0.75,2916,60000,Strong Performance
RM_318,West,600000,570000,95,55,62,70,66,78,0.6,0.9,3694,30000,Activate More Branches
RM_319,West,600000,306000,51,59,26,71,61,51,0.3,0.75,826,174000,Increase Premium Achievement
RM_320,North,600000,516000,86,63,59,74,67,75,0.6,0.9,3344,84000,Strong Performance
RM_321,North,900000,612000,68,36,31,65,41,54,0.3,0.9,1983,108000,Increase Premium Achievement
RM_322,South,750000,727500,97,70,51,71,74,81,1,0.9,7857,22500,Strong Performance
RM_323,South,750000,967500,129,78,79,87,91,105,1.5,0.9,15674,82500,Strong Performance
RM_324,East,900000,684000,76,54,31,55,52,62,0.6,1,4925,36000,Increase Premium Achievement
RM_325,East,900000,1278000,142,92,89,80,92,115,1.5,0.75,17253,72000,Strong Performance
RM_326,East,600000,312000,52,60,35,74,69,54,0.3,1,1123,168000,Increase Premium Achievement
RM_327,North,600000,486000,81,60,62,76,83,74,0.6,0.9,3149,114000,Strong Performance
RM_328,South,900000,954000,106,73,85,81,90,93,1,0.9,10303,126000,Strong Performance
RM_329,East,600000,690000,115,91,88,86,95,102,1.5,0.9,11178,30000,Strong Performance
RM_330,North,750000,854999,114,72,66,92,91,95,1,1,10260,45001,Strong Performance
RM_331,East,600000,534000,89,61,47,75,80,75,0.6,0.9,3460,66000,Improve Product Mix
RM_332,North,750000,854999,114,73,65,90,95,95,1,0.75,7695,45001,Strong Performance
RM_333,North,600000,852000,142,78,63,84,86,109,1.5,0.75,11502,48000,Strong Performance
RM_334,South,900000,495000,55,56,29,74,66,54,0.3,0.75,1336,225000,Increase Premium Achievement
RM_335,South,600000,366000,61,55,28,55,65,54,0.3,1,1318,114000,Increase Premium Achievement
RM_336,North,600000,576000,96,62,58,80,77,81,1,0.9,6221,24000,Strong Performance
RM_337,North,600000,474000,79,40,41,71,43,63,0.6,0.9,3072,6000,Increase Premium Achievement
RM_338,North,600000,594000,99,56,63,76,79,82,1,0.9,6415,6000,Activate More Branches
RM_339,North,750000,705000,94,58,49,73,71,77,0.6,1,5076,45000,Activate More Branches
RM_340,North,900000,1179000,131,76,69,86,90,104,1.5,1,21222,81000,Strong Performance
RM_341,North,750000,660000,88,63,58,82,70,77,0.6,0.75,3564,90000,Strong Performance
RM_342,East,750000,720000,96,62,56,77,83,81,1,0.75,6480,30000,Strong Performance
RM_343,North,750000,405000,54,36,40,56,64,49,0.3,0.9,1312,195000,Increase Premium Achievement
RM_344,South,750000,682500,91,70,65,85,67,81,1,0.75,6142,67500,Strong Performance
RM_345,West,750000,952500,127,90,82,91,97,108,1.5,0.75,12859,97500,Strong Performance
RM_346,East,750000,1102500,147,95,65,84,86,115,1.5,0.75,14884,22500,Strong Performance
RM_347,West,900000,918000,102,88,88,88,90,95,1,1,11016,162000,Strong Performance
RM_348,West,900000,504000,56,47,27,60,47,50,0.3,0.75,1361,216000,Increase Premium Achievement
RM_349,North,600000,336000,56,50,45,62,45,53,0.3,0.9,1089,144000,Increase Premium Achievement
RM_350,North,600000,300000,50,53,29,57,56,48,0.3,0.9,972,180000,Increase Premium Achievement
RM_351,West,750000,517499,69,52,40,62,50,60,0.6,1,3726,82501,Increase Premium Achievement
RM_352,East,900000,891000,99,68,48,85,79,83,1,0.75,8019,9000,Improve Product Mix
RM_353,North,600000,558000,93,71,53,81,71,80,1,1,6696,42000,Strong Performance
RM_354,East,900000,693000,77,45,50,74,41,64,0.6,0.75,3742,27000,Increase Premium Achievement
RM_355,East,900000,756000,84,66,64,72,80,76,0.6,1,5443,144000,Strong Performance
RM_356,West,750000,817500,109,92,63,91,92,96,1,0.9,8829,82500,Strong Performance
RM_357,North,600000,510000,85,60,46,74,67,72,0.6,1,3672,90000,Improve Product Mix
RM_358,West,750000,667500,89,63,48,76,83,76,0.6,0.9,4325,82500,Improve Product Mix
RM_359,North,600000,582000,97,71,57,81,70,83,1,0.9,6286,18000,Strong Performance
RM_360,South,600000,516000,86,61,64,71,68,75,0.6,0.9,3344,84000,Strong Performance
RM_361,North,900000,432000,48,59,49,62,70,53,0.3,0.9,1400,288000,Increase Premium Achievement
RM_362,South,750000,742500,99,58,63,72,67,81,1,1,8910,7500,Activate More Branches
RM_363,North,750000,1012500,135,88,82,84,85,110,1.5,1,18225,37500,Strong Performance
RM_364,East,600000,348000,58,49,37,56,40,52,0.3,1,1253,132000,Increase Premium Achievement
RM_365,West,900000,1188000,132,82,63,83,91,105,1.5,1,21384,72000,Strong Performance
RM_366,West,600000,696000,116,80,75,90,82,98,1,0.75,6264,24000,Strong Performance
RM_367,South,600000,348000,58,45,30,56,53,51,0.3,0.9,1128,132000,Increase Premium Achievement
RM_368,West,750000,682500,91,58,59,71,78,77,0.6,0.75,3686,67500,Activate More Branches
RM_369,West,900000,765000,85,56,53,78,84,74,0.6,0.75,4131,135000,Activate More Branches
RM_370,South,900000,882000,98,65,47,84,79,81,1,0.75,7938,18000,Improve Product Mix
RM_371,South,600000,594000,99,64,64,73,69,83,1,1,7128,6000,Strong Performance
RM_372,East,600000,528000,88,75,54,85,78,80,1,0.75,4752,72000,Strong Performance
RM_373,East,750000,735000,98,73,46,76,73,82,1,0.9,7938,15000,Improve Product Mix
RM_374,North,900000,801000,89,72,61,79,75,80,1,0.9,8651,99000,Strong Performance
RM_375,North,750000,622500,83,66,57,84,67,75,0.6,1,4482,127500,Strong Performance
RM_376,West,750000,727500,97,73,63,74,78,84,1,0.75,6548,22500,Strong Performance
RM_377,East,600000,306000,51,45,40,69,52,50,0.3,0.9,991,174000,Increase Premium Achievement
RM_378,East,900000,477000,53,54,48,73,41,54,0.3,0.9,1545,243000,Increase Premium Achievement
RM_379,West,750000,555000,74,56,42,74,47,64,0.6,0.9,3596,45000,Increase Premium Achievement
RM_380,West,750000,637500,85,63,58,73,69,75,0.6,0.9,4131,112500,Strong Performance
RM_381,West,900000,873000,97,71,55,72,71,82,1,0.75,7857,27000,Strong Performance
RM_382,North,600000,833999,139,83,77,83,96,111,1.5,1,15012,6001,Strong Performance
RM_383,West,600000,276000,46,36,34,59,51,44,0.3,0.9,894,204000,Increase Premium Achievement
RM_384,East,900000,684000,76,52,31,65,53,62,0.6,0.9,4432,36000,Increase Premium Achievement
RM_385,North,750000,622500,83,73,60,80,71,77,0.6,0.9,4034,127500,Strong Performance
RM_386,East,600000,582000,97,71,49,73,70,81,1,1,6984,18000,Improve Product Mix
RM_387,South,900000,1089000,121,71,83,92,80,100,1.5,1,19602,171000,Strong Performance
RM_388,East,900000,864000,96,59,57,84,79,81,1,0.75,7776,36000,Activate More Branches
RM_389,West,750000,735000,98,72,54,73,71,82,1,0.75,6615,15000,Strong Performance
RM_390,East,900000,954000,106,83,80,93,87,95,1,0.75,8586,126000,Strong Performance
RM_391,East,750000,510000,68,47,33,61,50,57,0.3,0.9,1652,90000,Increase Premium Achievement
RM_392,West,900000,1224000,136,92,69,82,94,110,1.5,1,22032,36000,Strong Performance
RM_393,West,900000,774000,86,58,46,77,71,73,0.6,0.9,5016,126000,Activate More Branches
RM_394,South,750000,1027500,137,85,90,92,86,112,1.5,0.75,13871,22500,Strong Performance
RM_395,South,900000,1143000,127,90,87,90,89,108,1.5,1,20574,117000,Strong Performance
RM_396,East,750000,795000,106,73,68,92,94,92,1,1,9540,105000,Strong Performance
RM_397,East,900000,738000,82,62,60,75,81,74,0.6,0.9,4782,162000,Strong Performance
RM_398,North,750000,487500,65,47,28,56,59,55,0.3,0.75,1316,112500,Increase Premium Achievement
RM_399,South,750000,1087500,145,83,86,86,85,115,1.5,1,19575,37500,Strong Performance
RM_400,East,600000,600000,100,62,65,83,85,85,1,1,7200,120000,Strong Performance
RM_401,North,900000,459000,51,37,33,75,49,48,0.3,1,1652,261000,Increase Premium Achievement
RM_402,South,750000,637500,85,70,48,81,75,76,0.6,1,4590,112500,Improve Product Mix
RM_403,South,900000,801000,89,64,54,77,65,76,0.6,0.75,4325,99000,Strong Performance
RM_404,North,900000,1071000,119,70,70,92,83,97,1,0.75,9639,9000,Strong Performance
RM_405,East,900000,630000,70,41,47,61,43,58,0.3,0.75,1701,90000,Increase Premium Achievement
RM_406,East,600000,486000,81,56,64,77,75,73,0.6,0.75,2624,114000,Activate More Branches
RM_407,South,750000,562500,75,60,34,73,51,64,0.6,1,4050,37500,Increase Premium Achievement
RM_408,South,750000,600000,80,59,65,73,65,72,0.6,0.75,3240,150000,Activate More Branches
RM_409,North,600000,522000,87,68,46,83,70,76,0.6,0.75,2819,78000,Improve Product Mix
RM_410,West,900000,711000,79,52,41,55,61,65,0.6,0.9,4607,9000,Increase Premium Achievement
RM_411,East,750000,615000,82,60,59,73,79,73,0.6,1,4428,135000,Strong Performance
RM_412,North,750000,697500,93,68,50,79,68,79,0.6,1,5022,52500,Strong Performance
RM_413,South,750000,615000,82,57,49,73,70,71,0.6,0.75,3321,135000,Activate More Branches
RM_414,East,750000,1012500,135,77,61,87,84,105,1.5,0.9,16402,37500,Strong Performance
RM_415,North,600000,606000,101,87,87,93,92,95,1,1,7272,114000,Strong Performance
RM_416,East,900000,432000,48,53,48,68,54,51,0.3,0.9,1400,288000,Increase Premium Achievement
RM_417,East,750000,772500,103,90,86,93,86,96,1,0.75,6952,127500,Strong Performance
RM_418,South,750000,1027500,137,72,83,81,95,108,1.5,0.75,13871,22500,Strong Performance
RM_419,South,750000,427499,57,46,41,73,43,53,0.3,0.9,1385,172501,Increase Premium Achievement
RM_420,South,600000,528000,88,74,50,76,82,78,0.6,0.9,3421,72000,Strong Performance
RM_421,West,600000,300000,50,53,50,72,43,52,0.3,0.75,810,180000,Increase Premium Achievement
RM_422,South,900000,846000,94,59,53,75,66,78,0.6,0.75,4568,54000,Activate More Branches
RM_423,North,750000,570000,76,38,35,56,48,59,0.3,0.9,1847,30000,Increase Premium Achievement
RM_424,East,900000,675000,75,48,44,69,47,63,0.6,0.75,3645,45000,Increase Premium Achievement
RM_425,West,900000,810000,90,69,47,80,70,77,0.6,0.9,5249,90000,Improve Product Mix
RM_426,West,600000,444000,74,49,50,56,59,63,0.6,1,3197,36000,Increase Premium Achievement
RM_427,South,750000,727500,97,56,55,74,84,80,1,1,8730,22500,Activate More Branches
RM_428,North,900000,837000,93,63,50,77,81,78,0.6,0.9,5424,63000,Strong Performance
RM_429,North,750000,667500,89,57,55,80,67,76,0.6,0.9,4325,82500,Activate More Branches
RM_430,South,900000,819000,91,72,61,84,78,81,1,0.75,7371,81000,Strong Performance
RM_431,East,900000,1206000,134,94,71,81,84,109,1.5,0.9,19537,54000,Strong Performance
RM_432,South,900000,855000,95,67,59,75,74,81,1,1,10260,45000,Strong Performance
RM_433,North,600000,522000,87,72,64,74,75,79,0.6,0.75,2819,78000,Strong Performance
RM_434,South,600000,450000,75,47,46,70,52,63,0.6,0.9,2916,30000,Increase Premium Achievement
RM_435,North,600000,491999,82,72,49,82,69,74,0.6,0.9,3188,108001,Improve Product Mix
RM_436,South,750000,352500,47,51,42,57,67,49,0.3,0.9,1142,247500,Increase Premium Achievement
RM_437,South,750000,600000,80,70,56,76,77,74,0.6,0.75,3240,150000,Strong Performance
RM_438,West,900000,828000,92,70,48,76,77,79,0.6,0.9,5365,72000,Improve Product Mix
RM_439,West,750000,750000,100,73,60,74,84,85,1,0.9,8100,150000,Strong Performance
RM_440,East,600000,300000,50,50,47,65,65,52,0.3,0.75,810,180000,Increase Premium Achievement
RM_441,East,900000,1233000,137,84,67,83,93,108,1.5,0.75,16646,27000,Strong Performance
RM_442,East,900000,450000,50,53,49,59,56,52,0.3,0.75,1215,270000,Increase Premium Achievement
RM_443,East,900000,738000,82,62,55,79,78,73,0.6,0.9,4782,162000,Strong Performance
RM_444,East,750000,720000,96,65,46,72,78,79,0.6,1,5184,30000,Improve Product Mix
RM_445,North,600000,894000,149,87,64,81,94,114,1.5,1,16092,6000,Strong Performance
RM_446,West,750000,720000,96,57,62,81,82,81,1,0.75,6480,30000,Activate More Branches
RM_447,West,600000,372000,62,55,42,69,41,57,0.3,0.9,1205,108000,Increase Premium Achievement
RM_448,South,750000,742500,99,75,51,78,65,83,1,0.9,8019,7500,Strong Performance
RM_449,East,900000,1296000,144,92,73,83,91,114,1.5,0.75,17496,54000,Strong Performance
RM_450,North,900000,1152000,128,85,83,94,85,107,1.5,1,20736,108000,Strong Performance
RM_451,South,600000,594000,99,70,47,71,71,81,1,0.9,6415,6000,Improve Product Mix
RM_452,East,600000,552000,92,60,52,81,68,77,0.6,1,3974,48000,Strong Performance
RM_453,East,900000,423000,47,58,40,68,55,51,0.3,0.75,1142,297000,Increase Premium Achievement
RM_454,South,600000,432000,72,43,30,59,42,57,0.3,0.75,1166,48000,Increase Premium Achievement
RM_455,East,750000,960000,128,80,70,93,92,104,1.5,0.9,15552,90000,Strong Performance
RM_456,North,750000,630000,84,70,56,85,81,77,0.6,0.75,3402,120000,Strong Performance
RM_457,East,600000,804000,134,81,87,89,91,110,1.5,1,14472,36000,Strong Performance
RM_458,East,750000,735000,98,74,53,78,71,83,1,0.75,6615,15000,Strong Performance
RM_459,North,900000,648000,72,46,26,73,46,59,0.3,0.75,1750,72000,Increase Premium Achievement
RM_460,South,600000,654000,109,94,76,80,81,97,1,0.75,5886,66000,Strong Performance
RM_461,North,900000,792000,88,57,56,81,85,76,0.6,0.9,5132,108000,Activate More Branches
RM_462,East,900000,612000,68,36,43,56,42,55,0.3,1,2203,108000,Increase Premium Achievement
RM_463,West,900000,936000,104,91,87,86,88,96,1,0.9,10109,144000,Strong Performance
RM_464,North,750000,765000,102,87,76,90,91,93,1,0.75,6885,135000,Strong Performance
RM_465,North,900000,666000,74,44,38,61,61,61,0.6,0.75,3596,54000,Increase Premium Achievement
RM_466,South,750000,712500,95,64,53,80,74,80,1,0.75,6412,37500,Strong Performance
RM_467,East,600000,570000,95,71,62,74,78,82,1,0.9,6156,30000,Strong Performance
RM_468,North,600000,384000,64,49,28,55,58,54,0.3,0.75,1037,96000,Increase Premium Achievement
RM_469,South,750000,630000,84,70,60,73,83,76,0.6,0.75,3402,120000,Strong Performance
RM_470,North,600000,660000,110,85,68,82,92,95,1,0.75,5940,60000,Strong Performance
RM_471,West,900000,801000,89,66,51,71,67,76,0.6,0.75,4325,99000,Strong Performance
RM_472,East,750000,652500,87,68,50,74,66,75,0.6,1,4698,97500,Strong Performance
RM_473,East,750000,667500,89,67,51,79,76,77,0.6,0.9,4325,82500,Strong Performance
RM_474,East,750000,382500,51,43,45,69,59,51,0.3,0.9,1239,217500,Increase Premium Achievement
RM_475,North,600000,564000,94,62,55,77,80,79,0.6,0.9,3655,36000,Strong Performance
RM_476,East,600000,402000,67,37,32,72,67,56,0.3,1,1447,78000,Increase Premium Achievement
RM_477,West,900000,882000,98,57,47,70,75,78,0.6,1,6350,18000,Activate More Branches
RM_478,South,900000,756000,84,56,50,83,76,73,0.6,0.75,4082,144000,Activate More Branches
RM_479,North,750000,434999,58,57,40,72,44,56,0.3,0.75,1174,165001,Increase Premium Achievement
RM_480,South,750000,427499,57,35,31,74,69,51,0.3,0.75,1154,172501,Increase Premium Achievement
RM_481,West,900000,450000,50,39,39,66,66,49,0.3,1,1620,270000,Increase Premium Achievement
RM_482,South,750000,345000,46,54,31,60,47,47,0.3,0.75,932,255000,Increase Premium Achievement
RM_483,East,900000,684000,76,44,37,64,41,61,0.6,0.75,3694,36000,Increase Premium Achievement
RM_484,South,600000,564000,94,65,62,83,70,81,1,0.75,5076,36000,Strong Performance
RM_485,South,750000,697500,93,62,58,83,75,80,1,0.9,7533,52500,Strong Performance
RM_486,South,900000,531000,59,55,34,71,67,56,0.3,1,1912,189000,Increase Premium Achievement
RM_487,North,750000,622500,83,57,58,73,69,72,0.6,0.9,4034,127500,Activate More Branches
RM_488,South,900000,1008000,112,90,82,87,89,99,1,1,12096,72000,Strong Performance
RM_489,North,900000,1278000,142,71,61,89,83,107,1.5,0.75,17253,72000,Strong Performance
RM_490,North,900000,747000,83,58,63,78,73,74,0.6,0.75,4034,153000,Activate More Branches
RM_491,West,900000,630000,70,56,49,59,58,62,0.6,0.9,4082,90000,Increase Premium Achievement
RM_492,East,600000,504000,84,63,48,79,80,74,0.6,0.75,2722,96000,Improve Product Mix
RM_493,South,600000,420000,70,44,36,67,47,58,0.3,0.9,1361,60000,Increase Premium Achievement
RM_494,North,600000,276000,46,48,48,69,65,50,0.3,0.75,745,204000,Increase Premium Achievement
RM_495,North,600000,366000,61,50,26,71,55,54,0.3,1,1318,114000,Increase Premium Achievement
RM_496,West,750000,502500,67,58,38,55,68,60,0.6,0.75,2714,97500,Increase Premium Achievement
RM_497,West,900000,792000,88,72,59,76,84,79,0.6,0.9,5132,108000,Strong Performance
RM_498,East,750000,487500,65,54,44,69,43,59,0.3,1,1755,112500,Increase Premium Achievement
RM_499,South,750000,532500,71,58,27,67,56,61,0.6,0.9,3451,67500,Increase Premium Achievement
RM_500,South,600000,564000,94,71,57,72,65,80,1,0.75,5076,36000,Strong Performance
