RM_ID,RM_Name,Region,Target_Lakhs,Fresh_Lakhs,Renewal_Lakhs,Focus_Lakhs,Target_GWP,Achieved_GWP,Annual_Points,Loss_Ratio,Renewal_Rate,Adjusted Premium,Adjusted Achievement %,Base Incentive Pool,Elevate Payout Multiplier,Final Elevate Incentive (Lakhs),Legacy Base PLI (Lakhs),PDF Consistency Booster Tier,Final Legacy PDF Incentive (Lakhs)
RZ1289,RM1,NORTH,700000,155391,270928,18000,0.07,0.04,12,70,69.1,492167,0.7,10500,0.5,5250,0.1,0.1,0.1
RZ1464,RM2,SOUTH 2,2010000,973550.5763,881094.67,0,0.2,0.19,6,70,89.4,2098033,1.04,30150,1.1,33165,0.2,0,0.2
RZ1495,RM3,NORTH,1531000,183916,167703,14900,0.15,0.04,28,70,77.3,419948,0.27,22965,0,0,0,0.2,0
RZ1505,RM4,NORTH,956000,214966.9153,691801,4320,0.1,0.09,16,70,105.4,966990,1.01,14340,1.1,15774,0.1,0.1,0.1
RZ1548,RM5,NORTH,1558000,925553.7288,270842,22200,0.16,0.12,4,70,41.6,1461084,0.94,23370,0.8,18696,0.1,0,0.1
RZ1881,RM6,SOUTH 2,1007000,160728.4407,277184,0,0.1,0.04,18,70,44.6,478095,0.47,15105,0,0,0.1,0.1,0.1
RZ1882,RM7,NORTH,2079000,573306.7458,297786,45865,0.21,0.09,14,70,50.5,1083217,0.52,31185,0,0,0.1,0.1,0.1
RZ1934,RM8,NORTH,1116000,936715,87669,7500,0.11,0.1,32,70,34.5,1269813,1.14,16740,1.1,18414,0.1,0.2,0.1
RZ2202,RM9,WEST 2,700000,278660.4576,259104,17750,0.07,0.05,8,70,54.9,634055,0.91,10500,0.8,8400,0.1,0.1,0.1
RZ2220,RM10,SOUTH 2,700000,232317.3898,175927,17520,0.07,0.04,15,70,58.4,492604,0.7,10500,0.5,5250,0,0.1,0.1
RZ2274,RM11,EAST,1052000,640221,616159,940,0.11,0.13,22,70,100.4,1417845,1.35,15780,1.5,23670,0.2,0.2,0.2
RZ2286,RM12,EAST,755000,294715,335399,2441.666667,0.08,0.06,17,70,70.8,707455,0.94,11325,0.8,9060,0.1,0.1,0.1
RZ2451,RM13,EAST,950000,493532.8814,120566,25529,0.1,0.06,2,70,22.5,775776,0.82,14250,0.5,7125,0.1,0,0.1
RZ2608,RM14,NORTH,2308000,3307214.966,178310,0,0.23,0.35,25,70,40.7,4312329,1.87,34620,1.5,51930,0.4,0.2,0.5
RZ2612,RM15,NORTH,1094000,2426056.119,207815,1750,0.11,0.26,13,70,35.5,3243010,2.96,16410,1.5,24615,0.3,0.1,0.3
RZ2670,RM16,NORTH,1522000,386078.3559,533364,4800,0.15,0.09,10,70,76.1,1023162,0.67,22830,0,0,0.1,0.1,0.1
RZ2823,RM17,SOUTH 2,1272000,245259.9322,1411386,0,0.13,0.17,35,70,108,1717961,1.35,19080,1.5,28620,0.2,0.2,0.3
RZ2874,RM18,NORTH,701000,1454618,204729,32035,0.07,0.17,7,70,58.9,2071054,2.95,10515,1.5,15772.5,0.2,0,0.2
RZ2879,RM19,NORTH,2098000,483324.7288,1509184,34210,0.21,0.2,19,70,207.1,2164655,1.03,31470,1.1,34617,0.2,0.1,0.3
RZ2909,RM20,SOUTH 1,1736000,591159,25139,62875,0.17,0.06,5,70,8.7,858400,0.49,26040,0,0,0.1,0,0.1
RZ2932,RM21,NORTH,896000,3123775.017,261047,0,0.09,0.34,21,70,66,4165766,4.65,13440,1.5,20160,0.4,0.1,0.4
RZ2939,RM22,SOUTH 1,939000,336162,92216,7565,0.09,0.04,16,70,32.8,523766,0.56,14085,0,0,0.1,0.1,0.1
RZ2943,RM23,NORTH,2126000,1293021,19515,0,0.21,0.13,30,70,3,1635791,0.77,31890,0.5,15945,0.2,0.2,0.2
RZ2945,RM24,NORTH,1878000,1545544,176886,0,0.19,0.17,8,70,49.8,2108816,1.12,28170,1.1,30987,0.2,0.1,0.2
RZ2947,RM25,EAST,1144000,261609,610529,7650,0.11,0.09,12,70,128.5,949015,0.83,17160,0.5,8580,0.1,0.1,0.1
RZ2950,RM26,NORTH,2018000,2377725,197323,0,0.2,0.26,18,70,44.6,3169479,1.57,30270,1.5,45405,0.3,0.1,0.3
RZ2958,RM27,NORTH,1500000,1337370.746,297532,0,0.15,0.16,5,70,74.1,1969245,1.31,22500,1.5,33750,0.2,0,0.2
RZ2970,RM28,SOUTH 1,950000,684206.5932,132219,10420,0.1,0.08,34,70,92.9,1003107,1.06,14250,1.1,15675,0.1,0.2,0.1
RZ2972,RM29,NORTH,1676000,1819019,216613,590730,0.17,0.2,14,70,76.4,3376482,2.01,25140,1.5,37710,0.2,0.1,0.3
RZ2975,RM30,EAST,700000,142246,702747,1970,0.07,0.08,11,70,123.5,883510,1.26,10500,1.3,13650,0.1,0.1,0.1
RZ2976,RM31,NORTH,1947000,1055597.051,267065,1066.666667,0.19,0.13,20,70,49.5,1588161,0.82,29205,0.5,14602.5,0.2,0.1,0.2
RZ2977,RM32,NORTH,1218000,1638410,98514,0,0.12,0.17,26,70,32.6,2146527,1.76,18270,1.5,27405,0.2,0.2,0.2
RZ2981,RM33,SOUTH 2,1257000,632549.9322,323523,0,0.13,0.1,17,70,109.8,1114210,0.89,18855,0.8,15084,0.1,0.1,0.1
RZ2982,RM34,SOUTH 2,959000,213499.0169,684989,0,0.1,0.09,20,70,90.7,951863,0.99,14385,0.8,11508,0.1,0.1,0.1
RZ2986,RM35,SOUTH 1,827000,507885.2542,17065,340,0.08,0.05,4,70,16.3,652432,0.79,12405,0.5,6202.5,0.1,0,0.1
RZ2989,RM36,SOUTH 2,1599000,267229.8644,434498,3655,0.16,0.07,9,70,68.6,774018,0.48,23985,0,0,0.1,0.1,0.1
RZ2992,RM37,NORTH,700000,526934.1695,154308,9000,0.07,0.07,29,70,37.9,826476,1.18,10500,1.3,13650,0.1,0.2,0.1
RZ3008,RM38,NORTH,2147000,906570.9661,319650,142293.3333,0.21,0.12,13,70,85.2,1666304,0.78,32205,0.5,16102.5,0.1,0.1,0.2
RZ3019,RM39,SOUTH 1,2782000,775655.4746,862221,25910,0.28,0.16,36,70,83.5,1870655,0.67,41730,0,0,0.2,0.2,0.2
RZ3021,RM40,NORTH,1460000,25531,54263,0,0.15,0.01,21,70,0,86177,0.06,21900,0,0,0,0.1,0
RZ3027,RM41,SOUTH 1,1297000,329308.3898,104486,0,0.13,0.04,6,70,29,516121,0.4,19455,0,0,0.1,0,0.1
RZ3049,RM42,SOUTH 2,991000,627106.6949,19350,0,0.1,0.06,33,70,16.3,803233,0.81,14865,0.5,7432.5,0.1,0.2,0.1
RZ3064,RM43,WEST 1,1529000,286498.0169,288395,6000,0.15,0.06,10,70,64.5,655518,0.43,22935,0,0,0.1,0.1,0.1
RZ3077,RM44,SOUTH 1,901000,416655.339,62278,149816.6667,0.09,0.05,12,70,22.5,807822,0.9,13515,0.8,10812,0.1,0.1,0.1
RZ3081,RM45,EAST,700000,114771.9661,579734,2260,0.07,0.07,25,70,86.8,726589,1.04,10500,1.1,11550,0.1,0.2,0.1
RZ3082,RM46,SOUTH 2,1230000,575197.678,42945,111645,0.12,0.06,11,70,38.1,929410,0.76,18450,0.5,9225,0.1,0.1,0.1
RZ3090,RM47,SOUTH 2,1264000,943562.7288,650593,10475,0.13,0.16,22,70,68.2,1845759,1.46,18960,1.5,28440,0.2,0.2,0.2
RZ3116,RM48,SOUTH 1,1299000,112052.0339,525958,13450,0.13,0.06,3,70,71.3,686198,0.53,19485,0,0,0.1,0,0.1
RZ3137,RM49,EAST,806000,724016,21745,0,0.08,0.07,18,70,23.2,926765,1.15,12090,1.1,13299,0.1,0.1,0.1
RZ3141,RM50,NORTH,1527000,150907.4407,363955,21600,0.15,0.05,31,70,84.4,584989,0.38,22905,0,0,0.1,0.2,0.1
RZ3144,RM51,EAST,1188000,328470,460940,9860,0.12,0.08,15,70,68.1,886318,0.75,17820,0.5,8910,0.1,0.1,0.1
RZ3147,RM52,SOUTH 2,1080000,625954.1186,18991,10375,0.11,0.06,17,70,18.3,816996,0.76,16200,0.5,8100,0.1,0.1,0.1
RZ3151,RM53,EAST,700000,427722,914496,600,0.07,0.13,13,70,106.3,1450049,2.07,10500,1.5,15750,0.2,0.1,0.2
RZ3169,RM54,EAST,759000,189235,1119411,32460,0.08,0.13,7,70,107.4,1404645,1.85,11385,1.5,17077.5,0.2,0,0.2
RZ3193,RM55,NORTH,1936000,282370.0847,551138,0,0.19,0.08,26,70,78.8,904101,0.47,29040,0,0,0.1,0.2,0.1
RZ3200,RM56,NORTH,1346000,546954.2373,487831,27599,0.13,0.1,10,70,99.5,1212922,0.9,20190,0.8,16152,0.1,0.1,0.1
RZ3250,RM57,WEST 1,1388000,465433.8136,1221091,0,0.14,0.17,32,70,185.6,1802883,1.3,20820,1.3,27066,0.2,0.2,0.3
RZ3290,RM58,SOUTH 1,928000,137515,216421,0,0.09,0.04,6,70,56.3,388315,0.42,13920,0,0,0,0,0
RZ3355,RM59,EAST,945000,269791,413599,13135,0.09,0.07,21,70,64.3,770540,0.82,14175,0.5,7087.5,0.1,0.1,0.1
RZ3423,RM60,EAST,700000,250088,315402,23130,0.07,0.06,22,70,82.6,662707,0.95,10500,0.8,8400,0.1,0.2,0.1
RZ3451,RM61,SOUTH 2,1836000,393707.9661,829526,0,0.18,0.12,22,70,78,1321661,0.72,27540,0.5,13770,0.1,0.2,0.2
RZ3455,RM62,SOUTH 1,2308000,248118.1525,535528,0,0.23,0.08,28,70,83.6,845676,0.37,34620,0,0,0.1,0.2,0.1
RZ3463,RM63,NORTH,1707000,113946.9153,377017.33,8920,0.17,0.05,15,70,64,532831,0.31,25605,0,0,0.1,0.1,0.1
RZ3501,RM64,EAST,809000,619148,572836,17545.66667,0.08,0.12,11,70,72.8,1373090,1.7,12135,1.5,18202.5,0.1,0.1,0.2
RZ3521,RM65,WEST 1,776000,290711,329899,20849,0.08,0.06,38,70,77.3,724561,0.93,11640,0.8,9312,0.1,0.2,0.1
RZ3636,RM66,NORTH,1879000,269389.678,433871.67,21960,0.19,0.07,4,70,88.4,803549,0.43,28185,0,0,0.1,0,0.1
RZ3657,RM67,NORTH,1947000,269119.9153,263371,12600,0.19,0.05,19,70,53.8,618671,0.32,29205,0,0,0.1,0.1,0.1
RZ3664,RM68,EAST,700000,237411.9322,417324,6180,0.07,0.07,13,70,79,723359,1.03,10500,1.1,11550,0.1,0.1,0.1
RZ3692,RM69,NORTH,1052000,829294.678,140172,22200,0.11,0.1,20,70,34.5,1210090,1.15,15780,1.1,17358,0.1,0.1,0.1
RZ3805,RM70,SOUTH 2,1187000,473633.6102,318243,0,0.12,0.08,24,70,57.6,910285,0.77,17805,0.5,8902.5,0.1,0.2,0.1
RZ3936,RM71,EAST,718000,153710.6102,120526,17984,0.07,0.03,8,70,65.8,339640,0.47,10770,0,0,0,0.1,0
RZ3956,RM72,EAST,731000,255304,620218,24590,0.07,0.09,30,70,79.6,976233,1.34,10965,1.5,16447.5,0.1,0.2,0.1
RZ3964,RM73,WEST 2,1382000,124491,299233,36045,0.14,0.04,18,70,75,508914,0.37,20730,0,0,0.1,0.1,0.1
RZ4006,RM74,SOUTH 2,1462000,615449.4068,437510,58140,0.15,0.11,14,70,167.9,1294032,0.89,21930,0.8,17544,0.1,0.1,0.1
RZ4035,RM75,NORTH,1375000,2763274,152810,911769,0.14,0.29,21,70,97.6,4974556,3.62,20625,1.5,30937.5,0.3,0.1,0.4
RZ4039,RM76,SOUTH 1,1715000,495976.8983,100452,34820,0.17,0.06,13,70,35.3,772653,0.45,25725,0,0,0.1,0.1,0.1
RZ4045,RM77,SOUTH 1,630000,423938.9153,0,0,0.06,0.04,18,70,0,529924,0.84,9450,0.5,4725,0.1,0.1,0.1
RZ4059,RM78,SOUTH 2,1256000,330213,153696,1200,0.13,0.05,5,70,79.6,568262,0.45,18840,0,0,0.1,0,0.1
RZ4062,RM79,NORTH,1042000,319399,271462,49260,0.1,0.06,27,70,56,744601,0.71,15630,0.5,7815,0.1,0.2,0.1
RZ4069,RM80,SOUTH 2,963000,223397.7627,634624,0,0.1,0.09,33,70,120.3,913871,0.95,14445,0.8,11556,0.1,0.2,0.1
RZ4072,RM81,EAST,700000,355182,293797,0,0.07,0.06,19,70,79.1,737775,1.05,10500,1.1,11550,0.1,0.1,0.1
RZ4114,RM82,EAST,996000,205820.0508,185708,2550,0.1,0.04,23,70,37.7,446808,0.45,14940,0,0,0,0.2,0.1
RZ4131,RM83,NORTH,1822000,876152,112169,112241,0.18,0.1,11,70,35.8,1375721,0.76,27330,0.5,13665,0.1,0.1,0.1
RZ4188,RM84,SOUTH 2,2194000,363672.8305,1105272.34,0,0.22,0.15,8,70,106.6,1559863,0.71,32910,0.5,16455,0.2,0.1,0.2
RZ4189,RM85,SOUTH 1,975000,335610.7627,85982,0,0.1,0.04,27,70,22.9,505495,0.52,14625,0,0,0.1,0.2,0.1
RZ4194,RM86,EAST,913000,255717.9661,179150,0,0.09,0.04,4,70,34.4,498797,0.55,13695,0,0,0.1,0,0.1
RZ4197,RM87,SOUTH 2,1722000,303358.1695,243064,6000,0.17,0.05,20,70,51.1,631262,0.37,25830,0,0,0.1,0.1,0.1
RZ4240,RM88,EAST,1047000,367860.6441,334007,71095.83333,0.1,0.07,15,70,77.3,900477,0.86,15705,0.8,12564,0.1,0.1,0.1
RZ4255,RM89,SOUTH 1,846000,591610,0,0,0.08,0.06,19,70,0,739513,0.87,12690,0.8,10152,0.1,0.1,0.1
RZ4266,RM90,SOUTH 2,1450000,185575.9661,1032498,0,0.15,0.12,36,70,208,1264468,0.87,21750,0.8,17400,0.1,0.2,0.2
RZ4327,RM91,SOUTH 1,500000,239655,0,0,0.05,0.02,10,70,0,299569,0.6,7500,0,0,0,0.1,0
RZ4336,RM92,SOUTH 2,847000,344973.2542,88980,28300,0.08,0.04,26,70,27.7,562647,0.66,12705,0,0,0.1,0.2,0.1
RZ4357,RM93,SOUTH 1,594000,79952.76271,0,0,0.06,0.01,6,70,0,99941,0.17,8910,0,0,0,0,0
RZ4361,RM94,NORTH,1086000,42711.49153,55022,510,0.11,0.01,21,70,26.9,109176,0.1,16290,0,0,0,0.1,0
RZ4376,RM95,SOUTH 1,2354000,949471.7627,1285160,580170,0.24,0.22,22,70,117.1,3342255,1.42,35310,1.5,52965,0.3,0.2,0.3
RZ4387,RM96,SOUTH 1,1212000,101110,87699,0,0.12,0.02,14,70,39.4,214087,0.18,18180,0,0,0,0.1,0
RZ4390,RM97,EAST,1039000,264763.1017,261494,750,0.1,0.05,16,70,54.9,593573,0.57,15585,0,0,0.1,0.1,0.1
RZ4392,RM98,WEST 1,1655000,233828.322,694825,37563,0.17,0.09,12,70,109,1043455,0.63,24825,0,0,0.1,0.1,0.1
RZ4395,RM99,NORTH,2116000,2721987.136,18571,428439,0.21,0.27,28,70,6.4,4063713,1.92,31740,1.5,47610,0.3,0.2,0.4
RZ4421,RM100,SOUTH 1,666000,377983,0,0,0.07,0.04,39,70,0,472479,0.71,9990,0.5,4995,0,0.2,0.1
RZ4438,RM101,SOUTH 1,1371000,617867.9661,138051,1625,0.14,0.08,5,70,8.9,912823,0.67,20565,0,0,0.1,0,0.1
RZ4443,RM102,SOUTH 2,1275000,279762.2881,25818,4700,0.13,0.03,22,70,34.5,382571,0.3,19125,0,0,0,0.2,0
RZ4457,RM103,NORTH,2317000,1315477,77063,3289.333333,0.23,0.14,17,70,37.6,1726343,0.75,34755,0.5,17377.5,0.2,0.1,0.2
RZ4461,RM104,SOUTH 1,959000,739129.4237,40058,3000,0.1,0.08,15,70,37.9,968470,1.01,14385,1.1,15823.5,0.1,0.1,0.1
RZ4464,RM105,SOUTH 1,700000,344538,69313,0,0.07,0.04,24,70,72.1,499986,0.71,10500,0.5,5250,0,0.2,0.1
RZ4465,RM106,SOUTH 2,1310000,164657.1017,250672,73605,0.13,0.04,21,70,80.5,566901,0.43,19650,0,0,0,0.1,0.1
RZ4467,RM107,SOUTH 1,2461000,547601,2114116,76333,0.25,0.27,30,70,106,2913117,1.18,36915,1.3,47989.5,0.3,0.2,0.4
RZ4479,RM108,SOUTH 2,929000,584187.1356,112563.42,5805,0.09,0.07,9,70,77.3,851505,0.92,13935,0.8,11148,0.1,0.1,0.1
RZ4488,RM109,SOUTH 2,702000,52495,0,0,0.07,0.01,19,70,0,65619,0.09,10530,0,0,0,0.1,0
RZ4495,RM110,EAST,1320000,17076680,1166059,18375,0.13,1.82,32,70,170.1,22539472,17.08,19800,1.5,29700,2.2,0.2,2.8
RZ4517,RM111,SOUTH 2,1368000,174416.9153,863268,0,0.14,0.1,4,70,125.1,1081289,0.79,20520,0.5,10260,0.1,0,0.1
RZ4570,RM112,SOUTH 2,700000,430017.3729,423499,0,0.07,0.09,20,70,59.4,961021,1.37,10500,1.5,15750,0.1,0.1,0.1
RZ4577,RM113,SOUTH 2,1104000,559477.2203,36719,54585,0.11,0.06,14,70,27.7,817943,0.74,16560,0.5,8280,0.1,0.1,0.1
RZ4601,RM114,EAST,700000,279062.5593,324494,940,0.07,0.06,24,70,69.8,674732,0.96,10500,0.8,8400,0.1,0.2,0.1
RZ4628,RM115,EAST,856000,266348,457992,4405,0.09,0.07,18,70,62.1,797535,0.93,12840,0.8,10272,0.1,0.1,0.1
RZ4629,RM116,EAST,1738000,42976.22034,141752,0,0.17,0.02,11,70,0,195472,0.11,26070,0,0,0,0.1,0
RZ4642,RM117,WEST 1,7938000,2586205,0,1336116.65,0.79,0.26,25,70,0,5236931,0.66,119070,0,0,0.3,0.2,0.4
RZ4643,RM118,EAST,1039000,527685,545799,16337,0.1,0.11,6,70,67.9,1229911,1.18,15585,1.3,20260.5,0.1,0,0.1
RZ4645,RM119,EAST,888000,378494,79212,0,0.09,0.05,16,70,20.1,552330,0.62,13320,0,0,0.1,0.1,0.1
RZ4657,RM120,SOUTH 1,942000,371924.6271,6833,0,0.09,0.04,28,70,4.2,471739,0.5,14130,0,0,0,0.2,0.1
RZ4706,RM121,WEST 2,801000,451975.2203,547836,41100,0.08,0.1,17,70,95.6,1174455,1.47,12015,1.5,18022.5,0.1,0.1,0.1
RZ4710,RM122,SOUTH 2,2556000,386404.9153,328730,510,0.26,0.07,17,70,75.9,812501,0.32,38340,0,0,0.1,0.1,0.1
RZ4726,RM123,EAST,676000,275361,16345,0,0.07,0.03,10,70,26,360546,0.53,10140,0,0,0,0.1,0
RZ4781,RM124,WEST 1,1150000,1286116.322,83743,10416.66667,0.12,0.14,22,70,39.8,1707013,1.48,17250,1.5,25875,0.2,0.2,0.2
RZ4784,RM125,WEST 2,937000,110240.3559,264614,0,0.09,0.04,34,70,0,402414,0.43,14055,0,0,0,0.2,0.1
RZ4801,RM126,NORTH,1347000,377641.7966,173040,67460,0.13,0.06,9,70,70.2,746282,0.55,20205,0,0,0.1,0.1,0.1
RZ4814,RM127,NORTH,1979000,321926.6949,419161,37800,0.2,0.07,27,70,112.9,878269,0.44,29685,0,0,0.1,0.2,0.1
RZ4819,RM128,WEST 2,1902000,229095.2203,749478.34,0,0.19,0.1,12,70,65.9,1035847,0.54,28530,0,0,0.1,0.1,0.1
RZ4822,RM129,NORTH,1761000,402134.3051,342932,34710,0.18,0.07,19,70,76.6,897665,0.51,26415,0,0,0.1,0.1,0.1
RZ4829,RM130,SOUTH 2,953000,150575,193850,0,0.1,0.03,20,70,45.4,382069,0.4,14295,0,0,0,0.1,0
RZ4832,RM131,SOUTH 2,1397000,550633.2373,391778,0,0.14,0.09,5,70,61.7,1080070,0.77,20955,0.5,10477.5,0.1,0,0.1
RZ4838,RM132,NORTH,981000,1555228,93823,750,0.1,0.16,21,70,26.6,2038983,2.08,14715,1.5,22072.5,0.2,0.1,0.2
RZ4861,RM133,SOUTH 1,727000,972754.3729,19294,40020,0.07,0.1,16,70,4.2,1295267,1.78,10905,1.5,16357.5,0.1,0.1,0.1
RZ4869,RM134,SOUTH 1,2730000,145279.9492,1024949,27740,0.27,0.12,25,70,85.2,1248159,0.46,40950,0,0,0.1,0.2,0.2
RZ4874,RM135,NORTH,717000,250668,280285,0,0.07,0.05,31,70,65,593620,0.83,10755,0.5,5377.5,0.1,0.2,0.1
RZ4876,RM136,WEST 1,1397000,40647.28814,401369,2100,0.14,0.04,15,70,0,455328,0.33,20955,0,0,0.1,0.1,0.1
RZ4891,RM137,SOUTH 1,1485000,230701.9322,33898,3900,0.15,0.03,18,70,19.5,328125,0.22,22275,0,0,0,0.1,0
RZ4900,RM138,WEST 1,1374000,9707010.441,540462,51683,0.14,1.02,3,70,77.2,12751750,9.28,20610,1.5,30915,1.2,0,1.2
RZ4901,RM139,WEST 1,1274000,399550.3051,1006999,86134.66667,0.13,0.14,16,70,161.6,1635639,1.28,19110,1.3,24843,0.2,0.1,0.2
RZ4925,RM140,SOUTH 1,700000,156698.678,68922,35250,0.07,0.02,24,70,44.3,317670,0.45,10500,0,0,0,0.2,0
RZ4928,RM141,NORTH,1980000,1814257.559,89227,0,0.2,0.19,10,70,34.4,2357049,1.19,29700,1.3,38610,0.2,0.1,0.2
RZ4948,RM142,SOUTH 2,1021000,266201.1017,319560,292310,0.1,0.06,24,70,72.6,1090776,1.07,15315,1.1,16846.5,0.1,0.2,0.1
RZ4979,RM143,SOUTH 1,1573000,185980.2881,19359,1020,0.16,0.02,19,70,13.1,253364,0.16,23595,0,0,0,0.1,0
RZ4981,RM144,SOUTH 1,1360000,666914.3559,102288,212865,0.14,0.08,12,70,32.2,1255228,0.92,20400,0.8,16320,0.1,0.1,0.1
RZ4996,RM145,SOUTH 2,1573000,473210.7797,546316,0,0.16,0.1,33,70,88.7,1137829,0.72,23595,0.5,11797.5,0.1,0.2,0.2
RZ5003,RM146,SOUTH 2,2253000,374892.6949,572329,0,0.23,0.09,17,70,107.6,1040945,0.46,33795,0,0,0.1,0.1,0.1
RZ5059,RM147,WEST 1,1831000,157999.4237,683435,0,0.18,0.08,20,70,86.9,880934,0.48,27465,0,0,0.1,0.1,0.1
RZ5069,RM148,EAST,700000,350008,399031,660,0.07,0.07,9,70,104,837531,1.2,10500,1.3,13650,0.1,0.1,0.1
RZ5107,RM149,NORTH,861000,196065,140342,27000,0.09,0.03,20,70,46.9,425923,0.49,12915,0,0,0,0.1,0
RZ5120,RM150,SOUTH 2,1816000,280285.0678,298662,65350,0.18,0.06,29,70,70.6,747043,0.41,27240,0,0,0.1,0.2,0.1
RZ5133,RM151,WEST 2,982000,186713.7119,189341,12110,0.1,0.04,6,70,44.9,440898,0.45,14730,0,0,0,0,0
RZ5138,RM152,SOUTH 2,700000,276629.8644,523591,37460,0.07,0.08,23,70,97.7,925568,1.32,10500,1.5,15750,0.1,0.2,0.1
RZ5139,RM153,SOUTH 2,859000,162757.8814,140247,45830,0.09,0.03,15,70,0,412439,0.48,12885,0,0,0,0.1,0
RZ5179,RM154,EAST,746000,298474,433253,36900,0.07,0.07,16,70,129,861696,1.16,11190,1.1,12309,0.1,0.1,0.1
RZ5189,RM155,EAST,1494000,398067.2542,372846,31500,0.15,0.08,22,70,56.3,917680,0.61,22410,0,0,0.1,0.2,0.1
RZ5191,RM156,WEST 1,700000,219754.9831,121663,9400,0.07,0.03,13,70,44.8,410457,0.59,10500,0,0,0,0.1,0
RZ5198,RM157,NORTH,1311000,304576.9492,252625,2405,0.13,0.06,29,70,43.3,636954,0.49,19665,0,0,0.1,0.2,0.1
RZ5204,RM158,WEST 1,1514000,3650520.339,693463,82402,0.15,0.43,11,70,79.6,5380216,3.55,22710,1.5,34065,0.5,0.1,0.5
RZ5208,RM159,SOUTH 1,1322000,475607.0508,2967125,89500.66667,0.13,0.34,21,70,1814.5,3695885,2.8,19830,1.5,29745,0.4,0.1,0.5
RZ5222,RM160,SOUTH 1,996000,337262.9831,506192,43200,0.1,0.08,36,70,171.2,992571,1,14940,0.8,11952,0.1,0.2,0.1
RZ5233,RM161,SOUTH 2,1068000,205065,139990,13466.5,0.11,0.03,4,70,51,416521,0.39,16020,0,0,0,0,0
RZ5234,RM162,SOUTH 2,1720000,287433.5593,325805,31020,0.17,0.06,18,70,96.2,731627,0.43,25800,0,0,0.1,0.1,0.1
RZ5235,RM163,SOUTH 1,1062000,909339.1356,296937,9480,0.11,0.12,18,70,81.6,1447831,1.36,15930,1.5,23895,0.1,0.1,0.2
RZ5237,RM164,EAST,996000,51625.42373,197154,0,0.1,0.02,12,70,64.9,261686,0.26,14940,0,0,0,0.1,0
RZ5244,RM165,WEST 1,2830000,5879568.678,1222039,131952.6667,0.28,0.71,25,70,65,8769429,3.1,42450,1.5,63675,0.9,0.2,1
RZ5259,RM166,NORTH,1504000,346949.7288,131323,-4604,0.15,0.05,9,70,35.8,558104,0.37,22560,0,0,0.1,0.1,0.1
RZ5271,RM167,WEST 2,763000,469211,254379,0,0.08,0.07,21,70,58.6,840893,1.1,11445,1.1,12589.5,0.1,0.1,0.1
RZ5276,RM168,SOUTH 1,700000,15571.9322,0,0,0.07,0,7,70,0,19465,0.03,10500,0,0,0,0,0
RZ5281,RM169,SOUTH 1,705000,599703,83407,4250,0.07,0.07,17,70,30,839411,1.19,10575,1.3,13747.5,0.1,0.1,0.1
RZ5282,RM170,NORTH,1251000,111319.1017,243935,24210,0.13,0.04,32,70,60.4,419399,0.34,18765,0,0,0,0.2,0.1
RZ5284,RM171,NORTH,2062000,257958,218590,11631,0.21,0.05,15,70,42.7,558484,0.27,30930,0,0,0.1,0.1,0.1
RZ5288,RM172,EAST,1586000,426904.6441,105204,0,0.16,0.05,26,70,39.8,638835,0.4,23790,0,0,0.1,0.2,0.1
RZ5290,RM173,SOUTH 2,2400000,468712.4407,474954,23769,0.24,0.09,10,70,86.6,1096498,0.46,36000,0,0,0.1,0.1,0.1
RZ5316,RM174,EAST,1608000,110157.8644,167328,170,0.16,0.03,22,70,50.8,305280,0.19,24120,0,0,0,0.2,0
RZ5318,RM175,SOUTH 1,1377000,247656,173168,900,0.14,0.04,20,70,90.1,484088,0.35,20655,0,0,0.1,0.1,0.1
RZ5321,RM176,WEST 1,1342000,1117423.203,222510,0,0.13,0.13,19,70,56.4,1619289,1.21,20130,1.3,26169,0.2,0.1,0.2
RZ5328,RM177,SOUTH 2,1330000,244909.6271,227557,72810,0.13,0.05,17,70,51.1,642909,0.48,19950,0,0,0.1,0.1,0.1
RZ5329,RM178,SOUTH 1,1599000,469573.6949,55003,3080,0.16,0.05,13,70,17.7,646590,0.4,23985,0,0,0.1,0.1,0.1
RZ5339,RM179,EAST,1025000,103918.3898,335246,0,0.1,0.04,14,70,101,465144,0.45,15375,0,0,0.1,0.1,0.1
RZ5347,RM180,SOUTH 1,748000,51190.77966,202262,2550,0.07,0.03,24,70,50.5,270075,0.36,11220,0,0,0,0.2,0
RZ5366,RM181,SOUTH 2,1431000,165610.4746,16045,35135,0.14,0.02,6,70,9.3,275761,0.19,21465,0,0,0,0,0
RZ5381,RM182,EAST,700000,205433,156442,12685,0.07,0.04,33,70,60,432261,0.62,10500,0,0,0,0.2,0.1
RZ5392,RM183,EAST,1347000,318125,27180,0,0.13,0.03,9,70,8.2,424836,0.32,20205,0,0,0,0.1,0
RZ5416,RM184,SOUTH 1,1050000,546918.1864,163002,24975,0.11,0.07,19,70,36.2,884112,0.84,15750,0.5,7875,0.1,0.1,0.1
RZ5425,RM185,NORTH,2082000,858124,95309,20775,0.21,0.1,28,70,26,1199127,0.58,31230,0,0,0.1,0.2,0.1
RZ5428,RM186,SOUTH 2,1152000,381964.7966,805627,0,0.12,0.12,10,70,66.4,1283083,1.11,17280,1.1,19008,0.1,0.1,0.1
RZ5434,RM187,SOUTH 2,2556000,347298.5085,58896,12310,0.26,0.04,22,70,18.9,511484,0.2,38340,0,0,0,0.2,0.1
RZ5474,RM188,SOUTH 1,830000,303811.8136,63299,4578,0.08,0.04,16,70,59.3,449931,0.54,12450,0,0,0,0.1,0
RZ5480,RM189,SOUTH 1,998000,296850.1017,197705,6600,0.1,0.05,11,70,136.8,578668,0.58,14970,0,0,0.1,0.1,0.1
RZ5501,RM190,NORTH,747000,321468.7627,164286,21470,0.07,0.05,35,70,75.2,598327,0.8,11205,0.5,5602.5,0.1,0.2,0.1
RZ5502,RM191,EAST,1450000,222627.7119,299037,12000,0.15,0.05,13,70,105.6,595322,0.41,21750,0,0,0.1,0.1,0.1
RZ5503,RM192,WEST 2,1337000,359652.5593,142622,5340,0.13,0.05,18,70,28.3,600198,0.45,20055,0,0,0.1,0.1,0.1
RZ5537,RM193,NORTH,700000,394171.8644,179281,11250,0.07,0.06,5,70,60.3,688871,0.98,10500,0.8,8400,0.1,0,0.1
RZ5556,RM194,EAST,1351000,135019.7458,159298,39810,0.14,0.03,21,70,38.8,387788,0.29,20265,0,0,0,0.1,0
RZ5562,RM195,EAST,2047000,810924.0678,468210,108138.3333,0.2,0.13,23,70,52.6,1644073,0.8,30705,0.5,15352.5,0.2,0.2,0.2
RZ5585,RM196,WEST 1,1700000,98701.42373,431217,6150,0.17,0.05,17,70,78.7,563819,0.33,25500,0,0,0.1,0.1,0.1
RZ5593,RM197,SOUTH 2,1075000,190482.339,407963,29327,0.11,0.06,25,70,69.4,690056,0.64,16125,0,0,0.1,0.2,0.1
RZ5594,RM198,SOUTH 2,1519000,198561.3898,20305,3400,0.15,0.02,10,70,20.1,273607,0.18,22785,0,0,0,0.1,0
RZ5598,RM199,SOUTH 2,874000,285274.1525,366788,0,0.09,0.07,16,70,67.5,723381,0.83,13110,0.5,6555,0.1,0.1,0.1
RZ5603,RM200,WEST 2,2072000,631754.7288,551158,0,0.21,0.12,30,70,68.2,1340851,0.65,31080,0,0,0.1,0.2,0.2
RZ5605,RM201,WEST 2,1642000,186609.6102,920729,0,0.16,0.11,8,70,404,1153991,0.7,24630,0.5,12315,0.1,0.1,0.1
RZ5606,RM202,WEST 2,1521000,315682,95072,4725,0.15,0.04,20,70,33.2,496762,0.33,22815,0,0,0,0.1,0.1
RZ5609,RM203,WEST 2,1183000,661875.2034,481750,8140,0.12,0.11,14,70,70.1,1321304,1.12,17745,1.1,19519.5,0.1,0.1,0.1
RZ5627,RM204,WEST 1,1168000,588738.9661,135569,10005,0.12,0.07,24,70,57.5,886500,0.76,17520,0.5,8760,0.1,0.2,0.1
RZ5654,RM205,SOUTH 1,885000,214997.4068,77426,28891,0.09,0.03,19,70,24,389509,0.44,13275,0,0,0,0.1,0
RZ5661,RM206,SOUTH 2,1188000,432807.5932,471560,15509,0.12,0.09,4,70,89.2,1035833,0.87,17820,0.8,14256,0.1,0,0.1
RZ5668,RM207,WEST 2,971000,331457.9661,407968,0,0.1,0.07,29,70,76.3,822290,0.85,14565,0.5,7282.5,0.1,0.2,0.1
RZ5675,RM208,NORTH,1474000,337590.9661,10607,11925,0.15,0.03,9,70,8.2,450483,0.31,22110,0,0,0,0.1,0
RZ5676,RM209,NORTH,1387000,1233815,72191,0,0.14,0.13,18,70,59.8,1614460,1.16,20805,1.3,27046.5,0.2,0.1,0.2
RZ5679,RM210,EAST,1924000,341921,725364,3000,0.19,0.11,33,70,106.2,1157265,0.6,28860,0,0,0.1,0.2,0.2
RZ5688,RM211,NORTH,1833000,195812.5932,559015,12407,0.18,0.08,12,70,99.8,822391,0.45,27495,0,0,0.1,0.1,0.1
RZ5695,RM212,EAST,1160000,125978,208227,450,0.12,0.03,23,70,62.1,366375,0.32,17400,0,0,0,0.2,0
RZ5708,RM213,SOUTH 1,800000,879321.9661,0,0,0.08,0.09,7,70,0,1099152,1.37,12000,1.5,18000,0.1,0,0.1
RZ5715,RM214,NORTH,1582000,1563932,54299,0,0.16,0.16,22,70,29.1,2009214,1.27,23730,1.3,30849,0.2,0.2,0.2
RZ5719,RM215,SOUTH 2,808000,627204.2712,164366,27820,0.08,0.08,25,70,51.3,990101,1.23,12120,1.3,15756,0.1,0.2,0.1
RZ5724,RM216,NORTH,1610000,1542438,34442,39820,0.16,0.16,19,70,40.4,2022220,1.26,24150,1.3,31395,0.2,0.1,0.2
RZ5746,RM217,SOUTH 2,970000,205803.7119,389449,0,0.1,0.06,18,70,78.5,646704,0.67,14550,0,0,0.1,0.1,0.1
RZ5757,RM218,NORTH,700000,771699,100168,9000,0.07,0.09,12,70,56.5,1078292,1.54,10500,1.5,15750,0.1,0.1,0.1
RZ5763,RM219,SOUTH 2,1338000,88952.71186,214165,0,0.13,0.03,15,70,57.3,325356,0.24,20070,0,0,0,0.1,0
RZ5768,RM220,NORTH,1538000,217346.7966,262954,48275,0.15,0.05,21,70,63.9,607050,0.39,23070,0,0,0.1,0.1,0.1
RZ5790,RM221,WEST 1,1500000,1529541,4994,0,0.15,0.15,10,70,4.7,1916920,1.28,22500,1.3,29250,0.2,0.1,0.2
RZ5795,RM222,NORTH,2106000,125563.8814,218983,8025,0.21,0.03,26,70,46,387975,0.18,31590,0,0,0,0.2,0
RZ5857,RM223,WEST 1,1253000,1880803.051,620150,2631,0.13,0.25,11,70,70.2,2975100,2.37,18795,1.5,28192.5,0.3,0.1,0.3
RZ5862,RM224,SOUTH 1,933000,518346.5085,41311,4500,0.09,0.06,20,70,35,695994,0.75,13995,0.5,6997.5,0.1,0.1,0.1
RZ5880,RM225,NORTH,1198000,263052.2203,55389,2625,0.12,0.03,32,70,40.1,388142,0.32,17970,0,0,0,0.2,0
RZ5882,RM226,SOUTH 2,1260000,1037883.136,464266,0,0.13,0.15,5,70,55.8,1761620,1.4,18900,1.5,28350,0.2,0,0.2
RZ5883,RM227,SOUTH 1,910000,303432.9831,51661,66600,0.09,0.04,21,70,44.4,530852,0.58,13650,0,0,0,0.1,0
RZ5886,RM228,NORTH,1206000,752108.7119,68940,6900,0.12,0.08,14,70,57.4,1019426,0.85,18090,0.5,9045,0.1,0.1,0.1
RZ5896,RM229,NORTH,1515000,973702.9661,117076,948562,0.15,0.11,25,70,50.4,2757048,1.82,22725,1.5,34087.5,0.1,0.2,0.2
RZ5915,RM230,SOUTH 1,910000,844721.7797,198590,17250,0.09,0.1,24,70,57.7,1280367,1.41,13650,1.5,20475,0.1,0.2,0.1
RZ5921,RM231,SOUTH 2,1597000,318795.5424,628486,0,0.16,0.09,15,70,168.2,1026980,0.64,23955,0,0,0.1,0.1,0.1
RZ5924,RM232,SOUTH 1,859000,319452,17150,0,0.09,0.03,17,70,14.4,416465,0.48,12885,0,0,0,0.1,0
RZ5930,RM233,SOUTH 2,700000,187047.4068,144601,0,0.07,0.03,3,70,123.4,378410,0.54,10500,0,0,0,0,0
RZ5944,RM234,NORTH,700000,274772,187514,0,0.07,0.05,21,70,43,530979,0.76,10500,0.5,5250,0.1,0.1,0.1
RZ5950,RM235,EAST,700000,124577.9661,161582,18650,0.07,0.03,28,70,81,345279,0.49,10500,0,0,0,0.2,0
RZ5959,RM236,SOUTH 1,504000,721120.9661,0,0,0.05,0.07,8,70,0,901401,1.79,7560,1.5,11340,0.1,0.1,0.1
RZ5981,RM237,SOUTH 1,902000,738501.9831,12511,7164.333333,0.09,0.08,25,70,6.1,946385,1.05,13530,1.1,14883,0.1,0.2,0.1
RZ5987,RM238,NORTH,729000,24038.9661,121457,4924,0.07,0.01,16,70,55.8,158892,0.22,10935,0,0,0,0.1,0
RZ5998,RM239,NORTH,766000,1238184.763,77780,4200,0.08,0.13,16,70,38.7,1631811,2.13,11490,1.5,17235,0.2,0.1,0.2
RZ6001,RM240,SOUTH 1,1140000,235834.2034,132858,2520,0.11,0.04,37,70,78.9,431431,0.38,17100,0,0,0,0.2,0.1
RZ6010,RM241,SOUTH 2,2689000,353087.4407,36584,63285,0.27,0.04,4,70,20.1,572871,0.21,40335,0,0,0,0,0
RZ6019,RM242,NORTH,1299000,115705.7119,215289,56298,0.13,0.03,22,70,88.5,444368,0.34,19485,0,0,0,0.2,0
RZ6027,RM243,SOUTH 2,1705000,244247.6271,65476,71860,0.17,0.03,9,70,31.7,478576,0.28,25575,0,0,0,0.1,0
RZ6030,RM244,SOUTH 1,821000,821291,-14726,0,0.08,0.08,20,70,-26.7,1011888,1.23,12315,1.3,16009.5,0.1,0.1,0.1
RZ6032,RM245,SOUTH 1,954000,214839.8475,21440,5400,0.1,0.02,19,70,32.1,298090,0.31,14310,0,0,0,0.1,0
RZ6034,RM246,EAST,880000,508464.3729,113696,293310,0.09,0.06,17,70,25,1189241,1.35,13200,1.5,19800,0.1,0.1,0.1
RZ6037,RM247,EAST,910000,655245,81359,0,0.09,0.07,30,70,26.5,900415,0.99,13650,0.8,10920,0.1,0.2,0.1
RZ6041,RM248,NORTH,1664000,1111844.983,87154,15575,0.17,0.12,12,70,58.4,1500323,0.9,24960,0.8,19968,0.1,0.1,0.2
RZ6048,RM249,NORTH,2168000,2258792,237791,0,0.22,0.25,24,70,81.1,3061281,1.41,32520,1.5,48780,0.3,0.2,0.3
RZ6055,RM250,SOUTH 1,1043000,410991.9322,1559114,0,0.1,0.2,23,70,258.4,2072854,1.99,15645,1.5,23467.5,0.2,0.2,0.3
RZ6060,RM251,NORTH,908000,124437,21532,0,0.09,0.01,11,70,55.5,177078,0.2,13620,0,0,0,0.1,0
RZ6085,RM252,WEST 1,1771000,329288.7966,482075,11250,0.18,0.08,18,70,84,910561,0.51,26565,0,0,0.1,0.1,0.1
RZ6086,RM253,SOUTH 1,1116000,164520.3729,19762,0,0.11,0.02,6,70,18.3,225412,0.2,16740,0,0,0,0,0
RZ6092,RM254,WEST 2,1032000,230778.6949,277686,10000,0.1,0.05,15,70,44.4,581159,0.56,15480,0,0,0.1,0.1,0.1
RZ6096,RM255,SOUTH 2,1786000,722173.1186,264707,9770,0.18,0.1,33,70,44.8,1182078,0.66,26790,0,0,0.1,0.2,0.1
RZ6106,RM256,SOUTH 2,1369000,253625,445731,0,0.14,0.07,12,70,111,762762,0.56,20535,0,0,0.1,0.1,0.1
RZ6107,RM257,SOUTH 1,1264000,109434.7119,229057,0,0.13,0.03,23,70,64.1,365850,0.29,18960,0,0,0,0.2,0
RZ6112,RM258,WEST 1,1234000,1249850.356,180342,176816,0.12,0.14,14,70,76,2007879,1.63,18510,1.5,27765,0.2,0.1,0.2
RZ6124,RM259,SOUTH 1,1075000,439906.678,62305,15650,0.11,0.05,17,70,20.9,635663,0.59,16125,0,0,0.1,0.1,0.1
RZ6127,RM260,SOUTH 2,906000,287475.0508,386783,30280,0.09,0.07,25,70,81.1,791547,0.87,13590,0.8,10872,0.1,0.2,0.1
RZ6131,RM261,EAST,1239000,270674.1017,999931,8388.5,0.12,0.13,5,70,193.4,1350856,1.09,18585,1.1,20443.5,0.2,0,0.2
RZ6132,RM262,SOUTH 1,1782000,908380.1695,392085,0,0.18,0.13,20,70,47.4,1527560,0.86,26730,0.8,21384,0.2,0.1,0.2
RZ6142,RM263,SOUTH 2,1457000,354243.3729,95271,26250,0.15,0.04,10,70,39.8,577450,0.4,21855,0,0,0.1,0.1,0.1
RZ6148,RM264,SOUTH 2,700000,229134.6441,13066,68520,0.07,0.02,22,70,27.8,402264,0.57,10500,0,0,0,0.2,0
RZ6150,RM265,NORTH,700000,223876,151084,14370,0.07,0.04,21,70,37.3,452484,0.65,10500,0,0,0,0.1,0
RZ6154,RM266,WEST 2,700000,182818.9322,321915,0,0.07,0.05,19,70,57.6,550439,0.79,10500,0.5,5250,0.1,0.1,0.1
RZ6156,RM267,SOUTH 2,1301000,484969.8475,17444,7250,0.13,0.05,26,70,18.7,634531,0.49,19515,0,0,0.1,0.2,0.1
RZ6168,RM268,WEST 2,700000,465830.7119,135542,3690,0.07,0.06,9,70,50.9,723365,1.03,10500,1.1,11550,0.1,0.1,0.1
RZ6171,RM269,SOUTH 1,700000,212234.6102,34441,0,0.07,0.02,20,70,47.3,299734,0.43,10500,0,0,0,0.1,0
RZ6187,RM270,SOUTH 2,1941000,291488.8475,185289,2550,0.19,0.05,32,70,78,553475,0.29,29115,0,0,0.1,0.2,0.1
RZ6195,RM271,SOUTH 1,1234000,240883.6949,332510,0,0.12,0.06,8,70,86,633615,0.51,18510,0,0,0.1,0.1,0.1
RZ6196,RM272,WEST 2,700000,48443.79661,89682.33,1008,0.07,0.01,17,70,0,151749,0.22,10500,0,0,0,0.1,0
RZ6202,RM273,NORTH,700000,372728,154020,16002,0.07,0.05,4,70,35.4,643933,0.92,10500,0.8,8400,0.1,0,0.1
RZ6203,RM274,NORTH,700000,438665.9661,236014,6358.666667,0.07,0.07,16,70,35.4,793884,1.13,10500,1.1,11550,0.1,0.1,0.1
RZ6204,RM275,SOUTH 1,700000,1012682,56683,0,0.07,0.11,28,70,107.9,1322536,1.89,10500,1.5,15750,0.1,0.2,0.2
RZ6210,RM276,SOUTH 2,904000,368543.678,431198,23193,0.09,0.08,15,70,57.6,926667,1.03,13560,1.1,14916,0.1,0.1,0.1
RZ6211,RM277,SOUTH 1,903000,340119.2373,95846,0,0.09,0.04,24,70,66.6,520995,0.58,13545,0,0,0.1,0.2,0.1
RZ6223,RM278,NORTH,1739000,324199,21287,49297,0.17,0.03,12,70,25.1,500481,0.29,26085,0,0,0,0.1,0
RZ6236,RM279,SOUTH 2,1573000,266547.3898,185222,56430,0.16,0.05,21,70,73.8,603051,0.38,23595,0,0,0.1,0.1,0.1
RZ6239,RM280,NORTH,700000,333634.9661,0,10535,0.07,0.03,35,70,0,432846,0.62,10500,0,0,0,0.2,0
RZ6240,RM281,WEST 2,1058000,417587.9492,237825,0,0.11,0.07,3,70,0,759810,0.72,15870,0.5,7935,0.1,0,0.1
RZ6252,RM282,SOUTH 1,1974000,212100.1864,90385,2635,0.2,0.03,22,70,31.6,359463,0.18,29610,0,0,0,0.2,0
RZ6260,RM283,NORTH,1458000,1501733,44846,0,0.15,0.15,16,70,38.4,1922012,1.32,21870,1.5,32805,0.2,0.1,0.2
RZ6263,RM284,SOUTH 2,1641000,283547.2203,162770,0,0.16,0.04,19,70,138.2,517204,0.32,24615,0,0,0.1,0.1,0.1
RZ6271,RM285,SOUTH 2,1427000,299255.0678,70307,83450,0.14,0.04,24,70,43.9,569551,0.4,21405,0,0,0,0.2,0.1
RZ6272,RM286,NORTH,1406000,547686.6441,398427,51510,0.14,0.09,10,70,60,1160300,0.83,21090,0.5,10545,0.1,0.1,0.1
RZ6273,RM287,NORTH,807000,365949.0847,114075,7610,0.08,0.05,29,70,32.6,582926,0.72,12105,0.5,6052.5,0.1,0.2,0.1
RZ6277,RM288,EAST,1322000,327313.4237,97342,0,0.13,0.04,7,70,18.1,506484,0.38,19830,0,0,0.1,0,0.1
RZ6283,RM289,NORTH,731000,34004.05085,113157,0,0.07,0.01,25,70,175.3,155662,0.21,10965,0,0,0,0.2,0
RZ6287,RM290,NORTH,1416000,177900.4407,322006,8250,0.14,0.05,19,70,59,556757,0.39,21240,0,0,0.1,0.1,0.1
RZ6294,RM291,SOUTH 2,902000,232610,371950.33,10920,0.09,0.06,17,70,75.3,679093,0.75,13530,0.5,6765,0.1,0.1,0.1
RZ6313,RM292,EAST,1283000,120973.1017,342107,5460,0.13,0.05,18,70,75.9,501513,0.39,19245,0,0,0.1,0.1,0.1
RZ6319,RM293,SOUTH 2,4625000,302020.8475,228688,8400,0.46,0.05,11,70,49.1,618814,0.13,69375,0,0,0.1,0.1,0.1
RZ6326,RM294,SOUTH 2,1774000,244292.0508,20442,31500,0.18,0.03,22,70,9.6,373057,0.21,26610,0,0,0,0.2,0
RZ6327,RM295,EAST,1357000,352294.8475,298750,22540,0.14,0.07,32,70,71.3,772929,0.57,20355,0,0,0.1,0.2,0.1
RZ6336,RM296,SOUTH 2,1169000,240259.4915,403741,50520,0.12,0.06,12,70,57.6,779845,0.67,17535,0,0,0.1,0.1,0.1
RZ6338,RM297,NORTH,700000,424907.4576,36434,9960,0.07,0.05,23,70,14.5,582508,0.83,10500,0.5,5250,0.1,0.2,0.1
RZ6339,RM298,WEST 2,842000,583311.2373,81425,0,0.08,0.07,14,70,33.4,810564,0.96,12630,0.8,10104,0.1,0.1,0.1
RZ6341,RM299,SOUTH 2,700000,4924,17437,0,0.07,0,17,70,0,23592,0.03,10500,0,0,0,0.1,0
RZ6342,RM300,NORTH,740000,53678,65198,0,0.07,0.01,28,70,46.4,132296,0.18,11100,0,0,0,0.2,0
RZ6360,RM301,SOUTH 2,1584000,360111.339,221627,42480,0.16,0.06,,70,79.2,735486,0.46,23760,0,0,0.1,0,0.1
RZ6366,RM302,EAST,700000,209860,683974,46770,0.07,0.09,,70,78.1,1016454,1.45,10500,1.5,15750,0.1,0,0.1
RZ6399,RM303,SOUTH 2,1633000,490403.9661,342619,16775,0.16,0.08,,70,71.4,980786,0.6,24495,0,0,0.1,0,0.1
RZ6403,RM304,SOUTH 2,700000,201779.7797,101730,16526,0.07,0.03,,70,47.7,378744,0.54,10500,0,0,0,0,0
RZ6418,RM305,SOUTH 2,942000,522187.7119,347184,121228,0.09,0.09,,70,80.5,1181761,1.25,14130,1.3,18369,0.1,0,0.1
RZ6425,RM306,NORTH,1548000,161047.8814,273199,3000,0.15,0.04,,70,66.3,479009,0.31,23220,0,0,0.1,0,0.1
RZ6439,RM307,SOUTH 1,809000,487489,2278,0,0.08,0.05,,70,3.9,611639,0.76,12135,0.5,6067.5,0.1,0,0.1
RZ6443,RM308,EAST,1027000,1441782,104725,0,0.1,0.15,,70,2167.8,1906953,1.86,15405,1.5,23107.5,0.2,0,0.2
RZ6469,RM309,EAST,1644000,199502.0508,34027,18259,0.16,0.02,,70,11.2,310793,0.19,24660,0,0,0,0,0
RZ6504,RM310,NORTH,700000,492831.0508,66340,6305,0.07,0.06,,70,47.6,691836,0.99,10500,0.8,8400,0.1,0,0.1
RZ6529,RM311,EAST,1903000,356156,178204,101918,0.19,0.05,,70,37.9,776276,0.41,28545,0,0,0.1,0,0.1
RZ6503,RM312,EAST,700000,341981,91561,0,0.07,0.04,,70,20.8,519037,0.74,10500,0.5,5250,0.1,0,0.1
RZ6489,RM313,NORTH,1193000,420551.0847,136160,21150,0.12,0.06,,70,45.7,693574,0.58,17895,0,0,0.1,0,0.1
RZ6550,RM314,EAST,2314000,211925.5424,168292,940,0.23,0.04,,70,83.8,434609,0.19,34710,0,0,0,0,0
RZ6533,RM315,SOUTH 1,700000,140006.9492,0,0,0.07,0.01,,70,0,175009,0.25,10500,0,0,0,0,0
RZ6558,RM316,EAST,1840000,165172.0508,276865,24000,0.18,0.04,,70,53.8,519330,0.28,27600,0,0,0.1,0,0.1
RZ6512,RM317,SOUTH 2,700000,411577.6271,133334,1700,0.07,0.05,,70,68.8,650356,0.93,10500,0.8,8400,0.1,0,0.1
RZ6538,RM318,NORTH,1084000,305538.678,1238765,340,0.11,0.15,,70,434,1621198,1.5,16260,1.5,24390,0.2,0,0.2
RZ6561,RM319,SOUTH 1,984000,156206.5763,68242,0,0.1,0.02,,70,41.1,263500,0.27,14760,0,0,0,0,0
RZ6549,RM320,SOUTH 1,1228000,253552.2542,185670.62,340,0.12,0.04,,70,104.7,503121,0.41,18420,0,0,0.1,0,0.1
RZ6565,RM321,WEST 1,1042000,465816,286585,19850,0.1,0.08,,70,106.7,898630,0.86,15630,0.8,12504,0.1,0,0.1
RZ6542,RM322,SOUTH 2,876000,207066,382382,0,0.09,0.06,,70,0,641215,0.73,13140,0.5,6570,0.1,0,0.1
RZ6511,RM323,SOUTH 2,1460000,340745.2034,296878,77410,0.15,0.06,,70,76.4,838925,0.57,21900,0,0,0.1,0,0.1
RZ6534,RM324,SOUTH 1,873000,511766.2542,221430,30550,0.09,0.07,,70,108,906963,1.04,13095,1.1,14404.5,0.1,0,0.1
RZ6544,RM325,SOUTH 1,959000,106973.3559,265918,5075,0.1,0.04,,70,233.4,407247,0.42,14385,0,0,0,0,0
RZ6525,RM326,EAST,500000,247732,0,0,0.05,0.02,,70,0,309665,0.62,7500,0,0,0,0,0
RZ6527,RM327,EAST,500000,52514,0,0,0.05,0.01,,70,0,65643,0.13,7500,0,0,0,0,0
RZ6121,RM328,HO,0,298727,477319,0,0,0.08,,70,0,850728,#DIV/0!,0,#DIV/0!,#DIV/0!,0.1,0,0.1
RZ6601,RM329,WEST 2,1675000,336932.9661,237528,0,0.17,0.06,,70,57.5,658694,0.39,25125,0,0,0.1,0,0.1
RZ6610,RM330,NORTH,1233000,177996.1017,55346,0,0.12,0.02,,70,28.3,277841,0.23,18495,0,0,0,0,0
RZ6573,RM331,SOUTH 1,700000,272758.6949,2610,0,0.07,0.03,,70,15.9,343558,0.49,10500,0,0,0,0,0
RZ6574,RM332,EAST,700000,701071,0,0,0.07,0.07,,70,0,876339,1.25,10500,1.3,13650,0.1,0,0.1
RZ6676,RM333,EAST,700000,185938,141622,0,0.07,0.03,,70,81.4,374045,0.53,10500,0,0,0,0,0
RZ6628,RM334,EAST,700000,90018.05085,119545,450,0.07,0.02,,70,72.3,232743,0.33,10500,0,0,0,0,0
RZ6632,RM335,NORTH,1716000,282759.678,234470,33550,0.17,0.05,,70,63.7,638245,0.37,25740,0,0,0.1,0,0.1
RZ6713,RM336,WEST 2,1846000,130161.0508,367974,0,0.18,0.05,,70,58.3,530675,0.29,27690,0,0,0.1,0,0.1
RZ6652,RM337,SOUTH 2,1212000,198435.8305,2161,14305,0.12,0.02,,70,1.3,271663,0.22,18180,0,0,0,0,0
RZ6654,RM338,NORTH,2359000,557302.2542,167062,157636,0.24,0.07,,70,42.4,1100144,0.47,35385,0,0,0.1,0,0.1
RZ6682,RM339,SOUTH 2,1467000,148313.9661,289902,1200,0.15,0.04,,70,74.2,477094,0.33,22005,0,0,0.1,0,0.1
RZ6629,RM340,WEST 1,1007000,424559.4746,188340,4020,0.1,0.06,,70,57.5,725069,0.72,15105,0.5,7552.5,0.1,0,0.1
RZ6609,RM341,WEST 2,700000,512244.0508,136181,44355,0.07,0.06,,70,33.6,843019,1.2,10500,1.3,13650,0.1,0,0.1
RZ6633,RM342,WEST 1,1055000,1090430.085,330692,15742,0.11,0.14,,70,62.2,1717343,1.63,15825,1.5,23737.5,0.2,0,0.2
RZ6669,RM343,SOUTH 2,1414000,314179.1864,349335,0,0.14,0.07,,70,64.3,742059,0.52,21210,0,0,0.1,0,0.1
RZ6611,RM344,WEST 1,762000,957704.9661,98614,2625,0.08,0.11,,70,74.2,1299683,1.71,11430,1.5,17145,0.1,0,0.1
RZ6681,RM345,SOUTH 2,1268000,149551,162104,0,0.13,0.03,,70,70.4,349043,0.28,19020,0,0,0,0,0
RZ6686,RM346,SOUTH 2,1021000,118895.9322,206700,0,0.1,0.03,,70,71.5,355320,0.35,15315,0,0,0,0,0
RZ6677,RM347,EAST,700000,956823,0,0,0.07,0.1,,70,0,1196029,1.71,10500,1.5,15750,0.1,0,0.1
RZ6707,RM348,SOUTH 2,1027000,229785.1525,319994,51300,0.1,0.05,,70,87,684175,0.67,15405,0,0,0.1,0,0.1
RZ6706,RM349,SOUTH 2,1462000,202396.2542,86918,0,0.15,0.03,,70,28.3,339913,0.23,21930,0,0,0,0,0
RZ6730,RM350,EAST,703000,183826.9831,90858,0,0.07,0.03,,70,49.1,320642,0.46,10545,0,0,0,0,0
RZ6723,RM351,SOUTH 2,700000,5821.847458,0,13500,0.07,0,,70,0,27527,0.04,10500,0,0,0,0,0
RZ6719,RM352,SOUTH 2,1046000,110913,239401,0,0.1,0.04,,70,71.9,378042,0.36,15690,0,0,0,0,0
RZ4274,RM353,SOUTH 2,7346000,629313.7966,413026,0,0.73,0.1,,70,76.3,1199668,0.16,110190,0,0,0.1,0,0.1
RZ6729,RM354,SOUTH 1,700000,216499.7627,1924,6000,0.07,0.02,,70,2.8,281549,0.4,10500,0,0,0,0,0
RZ6708,RM355,SOUTH 2,1171000,183500.1186,353353,3740,0.12,0.05,,70,63.7,588338,0.5,17565,0,0,0.1,0,0.1
RZ6743,RM356,SOUTH 2,1471000,83202.01695,262712,0,0.15,0.03,,70,76.6,366715,0.25,22065,0,0,0,0,0
RZ6724,RM357,SOUTH 1,816000,372591,15665,0,0.08,0.04,,70,25.6,481404,0.59,12240,0,0,0,0,0
RZ6247,RM358,WEST 2,1586000,539433,609962,0,0.16,0.11,,70,88.5,1284253,0.81,23790,0.5,11895,0.1,0,0.1
RZ6701,RM359,EAST,700000,364277,513902,8678.333333,0.07,0.09,,70,194.2,982266,1.4,10500,1.5,15750,0.1,0,0.1
RZ6683,RM360,SOUTH 2,901000,106909.6102,5526,4420,0.09,0.01,,70,7.4,145793,0.16,13515,0,0,0,0,0
RZ6741,RM361,SOUTH 2,1215000,100302.6949,285145,3825,0.12,0.04,,70,105.4,416261,0.34,18225,0,0,0,0,0
RZ6732,RM362,WEST 1,700000,377039.9661,33023,3000,0.07,0.04,,70,0,508823,0.73,10500,0.5,5250,0,0,0
RZ6705,RM363,SOUTH 1,1275000,216821,99604,2875,0.13,0.03,,70,70.8,374943,0.29,19125,0,0,0,0,0
RZ6790,RM364,SOUTH 2,3170000,565859.9661,757767,30090,0.32,0.13,,70,77.9,1510227,0.48,47550,0,0,0.2,0,0.2
RZ6772,RM365,EAST,961000,166143,144193,0,0.1,0.03,,70,81.6,351872,0.37,14415,0,0,0,0,0
RZ6774,RM366,EAST,700000,138196.0508,49633,0,0.07,0.02,,70,33.3,222378,0.32,10500,0,0,0,0,0
RZ2745,RM367,NORTH,5370000,23165.27119,0,0,0.54,0,,70,0,28957,0.01,80550,0,0,0,0,0
RZ6808,RM368,EAST,1023000,168731,245367,2090,0.1,0.04,,70,66.2,459416,0.45,15345,0,0,0,0,0
RZ6831,RM369,SOUTH 1,700000,769848.1356,0,0,0.07,0.08,,70,0,962310,1.37,10500,1.5,15750,0.1,0,0.1
RZ6742,RM370,SOUTH 2,716000,204207.9831,12983,53310,0.07,0.02,,70,30.4,348208,0.49,10740,0,0,0,0,0
RZ6765,RM371,SOUTH 2,927000,103595.3898,176596,0,0.09,0.03,,70,54.2,306090,0.33,13905,0,0,0,0,0
RZ6826,RM372,SOUTH 1,700000,748194.9661,0,0,0.07,0.07,,70,0,935244,1.34,10500,1.5,15750,0.1,0,0.1
RZ6841,RM373,NORTH,722000,49104.32203,49145,350,0.07,0.01,,70,17.3,111050,0.15,10830,0,0,0,0,0
RZ6783,RM374,EAST,700000,170434.9661,0,6110,0.07,0.02,,70,0,222209,0.32,10500,0,0,0,0,0
RZ6829,RM375,SOUTH 1,700000,56691,0,0,0.07,0.01,,70,0,70864,0.1,10500,0,0,0,0,0
RZ6828,RM376,SOUTH 1,700000,106939,0,0,0.07,0.01,,70,0,133674,0.19,10500,0,0,0,0,0
RZ6814,RM377,EAST,879000,162079,48264,4335,0.09,0.02,,70,33.3,257365,0.29,13185,0,0,0,0,0
RZ6797,RM378,EAST,932000,119669,116892,1500,0.09,0.02,,70,44.9,268728,0.29,13980,0,0,0,0,0
RZ6830,RM379,SOUTH 1,700000,33524,0,0,0.07,0,,70,0,41905,0.06,10500,0,0,0,0,0
RZ6827,RM380,SOUTH 1,700000,60679,0,0,0.07,0.01,,70,0,75849,0.11,10500,0,0,0,0,0
